# name	lat	lon	modern_name	verses	slug	score	kind
Abana	33.5135	36.3050	Barada River	1	abana	1000	water
Abarim	31.7539	35.7152	Abarim	5	abarim	1000	mountain
Abdon	33.0477	35.1619	Tel Avdon	2	abdon	826	settlement
Abel-beth-maacah	33.2581	35.5810	Tel Abel Beth Maacah	6	abel-beth-maacah	756	settlement
Abel-keramim	31.8756	36.0049	Sahab	1	abel-keramim	236	settlement
Abel-meholah	32.3743	35.5609	Tell Abu Sus	3	abel-meholah	656	settlement
Abel-mizraim	31.9149	35.5304	near the mouth of the Jordan River	1	abel-mizraim	660	settlement
Abel-shittim	31.8402	35.6737	Tall el Hammam	1	abel-shittim	511	
Abiezer	32.6057	35.2900	Afula	1	abiezer	506	
Abila	31.9057	35.8559	Merj Ekkeh	0	abila	179	settlement
Abila Lysaniou	33.6267	36.1058	Souq Wadi Barada	0	abila-lysaniou	1000	settlement
Abilene	33.6267	36.1058	Souq Wadi Barada	1	abilene	1000	region
Abronah	29.6729	35.0139	Ein Evrona	2	abronah	210	
Accad	33.0256	44.3919	Tell Sheshubar	1	accad	241	settlement
Acco	32.9211	35.0883	Tel Akko	1	acco	1000	settlement
Achaia	38.7200	22.5400	Achaia	10	achaia	1000	region
Achshaph	32.7589	35.0903	Tel Regev	3	achshaph	332	settlement
Achzib 1	31.6421	34.9530	Tel el Beida	2	achzib-1	536	settlement
Achzib 2	33.0483	35.1027	Tel Achziv	2	achzib-2	794	settlement
Adadah	31.1521	34.9791	Khirbet Aro’er	1	adadah	579	settlement
Adam	32.1039	35.5468	Tell ed Damiyeh	1	adam	823	settlement
Adamah	32.7997	35.4597	Qarn Hattin	1	adamah	377	settlement
Adami-nekeb	32.7492	35.4592	Tel Adami	1	adami-nekeb	722	settlement
Adasa	31.8488	35.1636	Khirbet Adasa	0	adasa	677	settlement
Addar	30.5834	34.4841	Ein Qedeis	1	addar	188	settlement
Addon	32.5433	44.4222	Babylon	2	addon	632	settlement
Adithaim	31.9633	34.9518	Al Haditha	1	adithaim	346	settlement
Admah	31.2085	35.4492	south of the Lisan	5	admah	318	settlement
Adoraim	31.5051	35.0275	Dura	1	adoraim	815	settlement
Adramyttium	39.5007	26.9327	Oren	1	adramyttium	1000	settlement
Adriatic Sea	38.0000	19.0000	Adriatic and Ionian Seas	1	adriatic-sea	1000	water
Adulis	15.2631	39.6606	Adulis	0	adulis	1000	settlement
Adullam	31.6517	35.0017	Khirbet esh Sheikh Madhkur	9	adullam	737	settlement
Adummim	31.8175	35.3615	Adummim	2	adummim	1000	
Aenon	32.3815	35.5282	Umm el Umdan	1	aenon	276	settlement
Ahava	32.5433	44.4222	Babylon	3	ahava	708	water
Ahlab	33.3178	35.2434	Khirbet al Mahalib	1	ahlab	665	settlement
Ai 1	31.9169	35.2611	Et Tell	32	ai-1	522	settlement
Ai 2	31.1342	35.6400	Khirbet Ai	1	ai-2	63	settlement
Ai 3	31.9169	35.2611	Et Tell	2	ai-3	328	settlement
Aiath	31.9169	35.2611	Et Tell	1	aiath	341	settlement
Aija	31.9169	35.2611	Et Tell	1	aija	461	settlement
Aijalon 1	31.8411	35.0236	Yalo	8	aijalon-1	665	settlement
Aijalon 2	32.8141	35.3090	Tel el Butmeh	1	aijalon-2	151	settlement
Ain 1	32.7186	35.6679	Khirbet Ayun	1	ain-1	342	settlement
Ain 2	31.3833	34.8656	Tel Halif	3	ain-2	109	settlement
Ain 3	31.2814	34.7974	Khirbet Asan	1	ain-3	99	settlement
Akeldama	31.7684	35.2329	Akeldama	2	akeldama	456	site
Akrabbim	30.9066	35.1313	Ma’ale Akrabbim	3	akrabbim	727	mountain
Alemeth	31.8249	35.2735	Khirbet Almit	1	alemeth	810	settlement
Alexandria	31.1825	29.8965	Alexandria	4	alexandria	1000	settlement
Allammelech	32.7718	35.1557	Tel Alil	1	allammelech	518	settlement
Allon	32.7211	35.4106	Hanot Taggarim	1	allon	408	site
Allon-bacuth	31.9228	35.2414	Beitin	1	allon-bacuth	716	site
Almon	31.8249	35.2735	Khirbet Almit	1	almon	657	settlement
Almon-diblathaim	31.6387	35.8266	Duleilat esh Sharqiyeh	2	almon-diblathaim	182	settlement
Alush	28.7703	33.7675	Wadi el Esh	2	alush	302	
Ama	31.7823	47.8694	Karkheh River	0	ama	51	settlement
Amad	32.6725	35.0233	Mount Carmel	1	amad	601	settlement
Amalek	30.6483	34.4222	Ain el Qudeirat	28	amalek	864	region
Amam	31.2185	34.9068	Be’er Nevatim	1	amam	377	settlement
Amana	33.6889	36.0317	Jebel Zabadani	1	amana	622	mountain
Amate	31.7823	47.8694	Karkheh River	0	amate	284	settlement
Amaw	36.7014	38.0865	between Aleppo and Carchemish	1	amaw	593	region
Ammah	31.8410	35.2795	east of Gibeon	1	ammah	678	mountain
Ammon	31.9547	35.9343	Amman	106	ammon	1000	region
Amphipolis	40.8202	23.8472	Amphipolis	1	amphipolis	1000	settlement
Anab	31.4121	34.9549	Khirbet Anab es Seghireh	2	anab	777	settlement
Anaharath	32.6534	35.4661	Tell Rekhesh	1	anaharath	741	settlement
Ananiah	31.7717	35.2559	Al Eizariya	1	ananiah	497	settlement
Anathoth	31.8075	35.2576	Ras el Kharruba	18	anathoth	420	settlement
Anem	32.6763	35.5467	Khirbet Anim	1	anem	144	settlement
Aner	32.5215	35.2191	Tell Ta’anakh	1	aner	662	settlement
Angle	31.7767	35.2342	Jerusalem	5	angle	1000	site
Anim	31.3536	35.0635	Horbat Anim	1	anim	763	settlement
Antioch 1	36.2267	36.1717	Antioch on the Orontes	18	antioch-1	1000	settlement
Antioch 2	38.3061	31.1892	Antioch in Pisidia	4	antioch-2	1000	settlement
Aphek 1	32.8461	35.1119	Tel Afek	1	aphek-1	675	settlement
Aphek 2	32.1050	34.9304	Tell Ras el Ain	4	aphek-2	901	settlement
Aphek 3	32.7837	35.6373	Tel Ein Gev	3	aphek-3	435	settlement
Aphek 4	34.0692	35.8861	Afqa	1	aphek-4	661	settlement
Aphekah	31.4555	34.9975	Khirbet al Hadab	1	aphekah	498	settlement
Aphik	32.8461	35.1119	Tel Afek	1	aphik	560	settlement
Apollonia	40.6237	23.4697	Apollonia	1	apollonia	1000	settlement
Ar	31.3599	35.7828	Khirbet al Balua	7	ar	359	settlement
Arab	31.4319	35.0296	Khirbet er Rabiyeh	1	arab	536	settlement
Arabah	30.4169	35.1514	Arabah	26	arabah	1000	region
Arabia 1	23.0000	46.0000	Arabian Peninsula	6	arabia-1	1000	region
Arabia 2	30.0700	35.3500	Arabia Petraea	2	arabia-2	1000	region
Arad 1	31.2808	35.1250	Tel Arad	3	arad-1	370	settlement
Arad 2	31.2808	35.1250	Tel Arad	1	arad-2	431	settlement
Aram	33.5111	36.3064	Damascus	11	aram	1000	region
Aram-naharaim	36.8644	39.0328	Harran	1	aram-naharaim	922	region
Ararat	39.7028	44.3004	Urartu	4	ararat	1000	region
Arbela	32.8151	35.4838	Horbat Arbel	0	arbela	1000	settlement
Areopagus	37.9722	23.7236	Areopagus	3	areopagus	1000	mountain
Argob	32.9695	36.4554	Argob	4	argob	1000	region
Ariel	31.7767	35.2342	Jerusalem	3	ariel	1000	settlement
Arimathea	32.0281	35.0194	Rantis	4	arimathea	228	settlement
Armageddon	32.5853	35.1844	Tel Megiddo	1	armageddon	557	mountain
Arnon	31.4658	35.5733	Wadi Mujib	12	arnon	1000	water
Aroer 1	31.4708	35.8194	Arair	13	aroer-1	872	settlement
Aroer 2	31.9702	35.8713	Khirbet Udena	2	aroer-2	219	settlement
Aroer 3	31.1521	34.9791	Khirbet Aro’er	1	aroer-3	649	settlement
Aroer 4	31.1521	34.9791	Khirbet Aro’er	1	aroer-4	544	settlement
Arpad	36.4725	37.0947	Tell Rifat	6	arpad	765	settlement
Arsinoe	30.2252	32.4695	Kibrit	0	arsinoe	134	settlement
Arubboth	32.4073	35.1336	Khirbet el Hamam	1	arubboth	445	settlement
Arumah	32.1476	35.3216	Khirbet Urmah	2	arumah	699	settlement
Arvad	34.8561	35.8583	Arwad	2	arvad	895	settlement
Ashan	31.2814	34.7974	Khirbet Asan	4	ashan	442	settlement
Ashdod	31.7572	34.6578	Tel Ashdod	21	ashdod	1000	settlement
Ashkelon	31.6639	34.5458	Tel Ashkelon	12	ashkelon	1000	settlement
Ashkenaz	44.9428	34.1206	Scythian Neapolis	1	ashkenaz	1000	region
Ashnah 1	31.7847	35.0063	Islin	1	ashnah-1	346	settlement
Ashnah 2	31.5586	34.9761	Idhna	1	ashnah-2	587	settlement
Ashtaroth	32.8042	36.0158	Tell Ashtara	7	ashtaroth	797	settlement
Ashteroth-karnaim	32.8042	36.0158	Tell Ashtara	1	ashteroth-karnaim	664	settlement
Asia	38.4000	28.3000	Asia	21	asia	1000	region
Asshur	35.4567	43.2625	Assur	4	asshur	1000	settlement
Assos	39.4906	26.3367	Assos	2	assos	1000	settlement
Assyria	36.3594	43.1528	Nineveh	141	assyria	1000	region
Atad	31.9149	35.5304	near the mouth of the Jordan River	2	atad	660	settlement
Ataroth 1	31.5753	35.6659	Khirbet Ataruz	2	ataroth-1	778	settlement
Ataroth 2	31.8805	35.2285	Kafr Aqab	1	ataroth-2	121	settlement
Ataroth 3	32.1399	35.4850	Tel al Mazar	1	ataroth-3	136	settlement
Ataroth-addar	31.8799	35.2175	Khirbet Atara	2	ataroth-addar	190	settlement
Athach	31.6159	34.8783	Khirbet el Ater	1	athach	306	settlement
Atharim	30.8790	34.7798	road between Kadesh-barnea and Arad	1	atharim	391	settlement
Athens	37.9719	23.7267	Athens	6	athens	1000	settlement
Atroth-beth-joab	31.7043	35.2076	Bethlehem	1	atroth-beth-joab	589	settlement
Atroth-shophan	31.5913	35.6874	Rujm Ataruz	1	atroth-shophan	363	settlement
Attalia	36.8813	30.7036	Antalya	2	attalia	1000	settlement
Aven	31.9228	35.2414	Beitin	1	aven	536	settlement
Avith	30.2060	35.6019	Rujum al Juththa	2	avith	277	settlement
Avva	34.6847	36.6906	Kafr Aya	1	avva	62	settlement
Avvim	31.9169	35.2611	Et Tell	1	avvim	156	settlement
Ayyah	31.9169	35.2611	Et Tell	1	ayyah	179	settlement
Azal	31.7608	35.2317	Nahal Azal	1	azal	220	water
Azekah	31.7002	34.9357	Tel Azekah	7	azekah	772	settlement
Azmaveth	31.8350	35.2619	Hizma	3	azmaveth	509	settlement
Azmon	30.6875	34.3333	Ain Muweileh	3	azmon	545	settlement
Aznoth-tabor	32.7272	35.3844	Tel Govel	1	aznoth-tabor	399	settlement
Baal-gad	33.4679	35.7475	Tell Haush	3	baal-gad	199	settlement
Baal-hamon	31.7767	35.2342	Jerusalem	1	baal-hamon	134	settlement
Baal-hazor	31.9786	35.2861	Jebel Asur	1	baal-hazor	710	mountain
Baal-hermon	33.4000	35.8500	Mount Hermon	1	baal-hermon	581	mountain
Baal-meon	31.6795	35.7353	Ma‘in	4	baal-meon	797	settlement
Baal-peor	31.7770	35.7385	Khirbet Ayun Musa	2	baal-peor	132	mountain
Baal-perazim	31.7419	35.1833	Ez Zuhur	2	baal-perazim	240	settlement
Baal-shalishah	32.1103	35.0118	Khirbet Sirisye	1	baal-shalishah	349	settlement
Baal-tamar	31.8315	35.2413	Ras et Tawil	1	baal-tamar	215	settlement
Baal-zephon	30.8606	32.1714	Tell Defenneh	3	baal-zephon	339	
Baalah 1	31.1421	34.9122	Tulul el Medbah	1	baalah-1	222	settlement
Baalah 2	31.8090	35.1038	Deir el Azar	3	baalah-2	970	settlement
Baalath 1	31.8385	34.7822	Al Maghar	1	baalath-1	749	mountain
Baalath 2	31.8385	34.7822	Al Maghar	2	baalath-2	475	settlement
Baalath-beer	30.9910	34.9113	Beer Yeroham	2	baalath-beer	97	settlement
Baale-judah	31.8090	35.1038	Deir el Azar	1	baale-judah	959	settlement
Babel	32.5433	44.4222	Babylon	2	babel	810	settlement
Babylon 1	32.5433	44.4222	Babylon	296	babylon-1	1000	settlement
Babylon 2	41.8922	12.4852	Rome	1	babylon-2	917	settlement
Babylon 3	41.8922	12.4852	Rome	6	babylon-3	934	settlement
Babylonia	32.5433	44.4222	Babylon	15	babylonia	1000	region
Bahurim	31.7912	35.2569	Ras Tumeim	7	bahurim	475	settlement
Balah	31.1421	34.9122	Tulul el Medbah	1	balah	155	settlement
Bamoth	31.7318	35.7409	Khirbet el Quweiqiyeh	2	bamoth	430	settlement
Bamoth-baal	31.7318	35.7409	Khirbet el Quweiqiyeh	2	bamoth-baal	430	settlement
Bashan	32.7811	35.9347	Saham al Jawlan	53	bashan	680	region
Batanea	32.8520	36.1993	Raphana	0	batanea	1000	region
Bath-rabbim	31.8008	35.8091	Tell Hesban	1	bath-rabbim	433	site
Bealoth 1	30.9910	34.9113	Beer Yeroham	1	bealoth-1	36	settlement
Bealoth 2	30.9910	34.9113	Beer Yeroham	1	bealoth-2	3	settlement
Beautiful Gate	31.7767	35.2342	Jerusalem	2	beautiful-gate	1000	site
Beer 1	31.5719	35.8933	Wadi eth Themed	1	beer-1	248	
Beer 2	32.6082	35.5042	El Bira	1	beer-2	387	settlement
Beer-elim	31.5719	35.8933	Wadi eth Themed	1	beer-elim	201	settlement
Beer-lahai-roi	30.6875	34.3333	Ain Muweileh	3	beer-lahai-roi	258	water
Beeroth	31.8238	35.1872	Khirbet el Burj	9	beeroth	252	settlement
Beeroth Bene-jaakan	30.7918	34.4725	Birein	1	beeroth-bene-jaakan	370	settlement
Beersheba 1	31.2447	34.8408	Tel Beer Sheva	23	beersheba-1	823	settlement
Beersheba 2	31.2447	34.8408	Tel Beer Sheva	10	beersheba-2	334	settlement
Beeshterah	32.8042	36.0158	Tell Ashtara	1	beeshterah	602	settlement
Belamon	33.2581	35.5810	Tel Abel Beth Maacah	0	belamon	231	settlement
Bene-berak	32.0367	34.8277	Al Khayriyya	1	bene-berak	818	settlement
Bene-jaakan	30.7918	34.4725	Birein	2	bene-jaakan	385	settlement
Benjamin Gate	31.7767	35.2342	Jerusalem	4	benjamin-gate	1000	site
Beon	31.6795	35.7353	Ma‘in	1	beon	797	settlement
Berea	40.5183	22.2000	Veria	6	berea	1000	settlement
Bered	31.0970	34.6520	Haluza	1	bered	459	mountain
Berothah	33.9353	36.1508	Brital	1	berothah	336	settlement
Berothai	33.9353	36.1508	Brital	1	berothai	141	settlement
Besor	31.4642	34.3757	Nahal HaBesor	3	besor	882	water
Beten	32.7641	35.1066	Khirbet Ibtin	1	beten	226	settlement
Beth-anath	33.2003	35.4331	Safad el Battikh	2	beth-anath	372	settlement
Beth-anoth	31.5621	35.1262	Khirbet Beit Anun	1	beth-anoth	612	settlement
Beth-arabah	31.8458	35.5017	Ain el Gharabeh	4	beth-arabah	404	settlement
Beth-arbel	32.5587	35.8476	Tall Irbid	1	beth-arbel	597	settlement
Beth-ashbea	31.4558	34.9098	Tell Beit Mirsim	1	beth-ashbea	349	settlement
Beth-aven 1	31.8692	35.2681	Tell Maryam	4	beth-aven-1	222	settlement
Beth-aven 2	31.9228	35.2414	Beitin	3	beth-aven-2	654	settlement
Beth-barah	32.1000	35.5200	Wadi al Fara	1	beth-barah	164	water
Beth-biri	31.0067	34.4918	Jebel el Biri	1	beth-biri	625	settlement
Beth-car	31.8950	35.0836	Beit Ur al Tahta	1	beth-car	213	settlement
Beth-dagon 1	31.9836	34.8086	Khirbet Dajun	1	beth-dagon-1	261	settlement
Beth-dagon 2	32.7226	35.0906	Khirbet Jelameh	1	beth-dagon-2	422	settlement
Beth-diblathaim	31.6387	35.8266	Duleilat esh Sharqiyeh	1	beth-diblathaim	303	settlement
Beth-eden	36.7014	38.0865	Til Barsip	1	beth-eden	1000	region
Beth-eked	32.4697	35.3563	Beit Qad	2	beth-eked	380	settlement
Beth-emek	32.9658	35.1519	Tel Emek	1	beth-emek	677	settlement
Beth-ezel	31.4685	34.9381	Deir al Asal al Fauqa	1	beth-ezel	379	settlement
Beth-gader	31.7043	35.2076	Bethlehem	1	beth-gader	231	settlement
Beth-gamul	31.4835	35.8999	Jumaiyil	1	beth-gamul	524	settlement
Beth-gilgal	31.8819	35.4600	Khirbet el Mefjir	1	beth-gilgal	266	settlement
Beth-haccherem	31.7399	35.2169	Ramat Rahel	2	beth-haccherem	747	settlement
Beth-haggan	32.4608	35.2987	Tell Jenin	1	beth-haggan	782	settlement
Beth-haram	31.8193	35.6719	Tall Iktanu	2	beth-haram	589	settlement
Beth-hoglah	31.8204	35.5012	Deir Hajla	3	beth-hoglah	559	settlement
Beth-horon	31.8950	35.0836	Beit Ur al Tahta	7	beth-horon	1000	settlement
Beth-jeshimoth	31.7826	35.6213	Tell Azeimeh	4	beth-jeshimoth	799	settlement
Beth-le-aphrah	31.5566	35.0335	Khirbet et Taiyiba	1	beth-le-aphrah	269	settlement
Beth-lebaoth	31.0067	34.4918	Jebel el Biri	1	beth-lebaoth	456	settlement
Beth-marcaboth	31.3503	34.9286	Khirbet Tatrit	2	beth-marcaboth	375	settlement
Beth-meon	31.6795	35.7353	Ma‘in	1	beth-meon	761	settlement
Beth-millo	32.2136	35.2819	Tell Balatah	3	beth-millo	690	site
Beth-nimrah	31.9091	35.6387	Tall Bleibel	2	beth-nimrah	578	settlement
Beth-pazzez	32.6804	35.4863	Hadita	1	beth-pazzez	481	settlement
Beth-pelet	31.3099	34.9078	Tell es Saqati	2	beth-pelet	444	settlement
Beth-peor	31.7770	35.7385	Khirbet Ayun Musa	4	beth-peor	245	settlement
Beth-rehob	34.0089	36.1453	Beqaa Valley	2	beth-rehob	228	region
Beth-shan	32.5036	35.5031	Tel Bet Shean	8	beth-shan	889	settlement
Beth-shemesh 1	31.7506	34.9747	Tel Bet Shemesh	17	beth-shemesh-1	864	settlement
Beth-shemesh 2	32.6878	35.5252	Sheikh esh Shamsawi	1	beth-shemesh-2	422	settlement
Beth-shemesh 3	33.0413	35.3327	Tel Rosh	2	beth-shemesh-3	528	settlement
Beth-shittah	32.5392	35.4072	Tel Salwim	1	beth-shittah	194	settlement
Beth-tappuah	31.5386	35.0462	Taffuh	1	beth-tappuah	800	settlement
Beth-togarmah	40.3833	44.9500	Armenia	2	beth-togarmah	353	settlement
Beth-zur	31.5894	35.0942	Khirbet et Tubeiqa	4	beth-zur	842	settlement
Bethany 1	31.7717	35.2559	Al Eizariya	12	bethany-1	889	settlement
Bethany 2	31.8371	35.5503	Al Maghtas	1	bethany-2	320	water
Bethel 1	31.9228	35.2414	Beitin	69	bethel-1	716	settlement
Bethel 2	31.3450	35.1244	Khirbet el Qaryatein	1	bethel-2	277	settlement
Bethel 3	31.9228	35.2414	Beitin	2	bethel-3	413	settlement
Bether 1	31.7300	35.1356	Khirbet al Yahud	1	bether-1	-87	settlement
Bether 2	31.7300	35.1356	Khirbet al Yahud	0	bether-2	1000	settlement
Bethesda	31.7814	35.2358	Pool of Bethesda	1	bethesda	1000	water
Bethlehem 1	31.7043	35.2076	Bethlehem	52	bethlehem-1	1000	settlement
Bethlehem 2	32.7348	35.1856	Beit Lahm	1	bethlehem-2	1000	settlement
Bethlehem 3	32.7348	35.1856	Beit Lahm	2	bethlehem-3	733	settlement
Bethphage	31.7776	35.2508	Et Tur	3	bethphage	698	settlement
Bethsaida 1	32.9104	35.6310	At Tell	4	bethsaida-1	466	settlement
Bethsaida 2	32.9104	35.6310	At Tell	3	bethsaida-2	345	settlement
Bethuel	31.3273	34.8785	Khirbet ar Ras	1	bethuel	137	settlement
Bethul	31.3273	34.8785	Khirbet ar Ras	1	bethul	115	settlement
Betonim	32.0106	35.7107	Khirbet Batneh	1	betonim	645	settlement
Beyond the River	31.7767	35.2342	Jerusalem	16	beyond-the-river	1000	region
Bezek 1	32.3688	35.3974	Khirbet Ibziq	2	bezek-1	399	settlement
Bezek 2	32.3688	35.3974	Khirbet Ibziq	1	bezek-2	753	settlement
Bezer	31.7860	35.9017	Umm el Amad	4	bezer	442	settlement
Bileam	32.4462	35.2920	Khirbet Belameh	1	bileam	628	settlement
Bilhah	31.1421	34.9122	Tulul el Medbah	1	bilhah	196	settlement
Bithynia	40.5000	31.0000	Bithynia	2	bithynia	1000	region
Bochim	31.9228	35.2414	Beitin	2	bochim	510	settlement
Bor-ashan	31.2814	34.7974	Khirbet Asan	1	bor-ashan	415	settlement
Bozez	31.8572	35.2871	Bozez	1	bozez	1011	mountain
Bozkath	31.5369	34.9132	Ed Dawaimeh	2	bozkath	479	settlement
Bozrah 1	30.7458	35.6039	Buseira	8	bozrah-1	880	settlement
Bozrah 2	31.7860	35.9017	Umm el Amad	1	bozrah-2	198	settlement
Broad Wall	31.7761	35.2319	Broad Wall	2	broad-wall	1000	site
Brook of Egypt	31.1457	33.8065	Wadi al Arish	9	brook-of-egypt	610	water
Brook of the Arabah	31.8443	35.4143	Wadi Qelt	1	brook-of-the-arabah	131	water
Brook of the Willows	31.0270	35.4853	Wadi al Hasa	1	brook-of-the-willows	648	water
Buz	28.3566	38.9880	between Dedan and Kedar	1	buz	363	region
Cabbon	31.5636	34.9281	Khirbet Beit Lei	1	cabbon	143	settlement
Cabul 1	32.8683	35.2114	Kabul	1	cabul-1	470	settlement
Cabul 2	32.8683	35.2114	Kabul	1	cabul-2	491	region
Caesarea	32.5000	34.8917	Caesarea Maritima	18	caesarea	1000	settlement
Caesarea Philippi	33.2461	35.6933	Banias	2	caesarea-philippi	1000	settlement
Calah	36.0981	43.3289	Nimrud	2	calah	1000	settlement
Caleb Ephrathah	31.7043	35.2076	Bethlehem	1	caleb-ephrathah	68	settlement
Calneh 1	32.1261	45.2308	Nippur	1	calneh-1	168	settlement
Calneh 2	36.2475	36.3764	Tell Tayinat	2	calneh-2	428	settlement
Cana	32.8222	35.3027	Horbat Qana	4	cana	690	settlement
Canaan	32.7667	35.3333	Canaan	101	canaan	1000	region
Canneh	36.2926	37.2055	Kullan Köy	1	canneh	252	settlement
Capernaum	32.8811	35.5750	Tell Hum	18	capernaum	842	settlement
Caphtor	35.3097	24.8933	Crete	5	caphtor	757	region
Cappadocia	38.6706	34.8392	Cappadocia	2	cappadocia	1000	region
Carchemish	36.8297	38.0150	Jerabis	3	carchemish	880	settlement
Carmel 1	31.4229	35.1330	Khirbet el Kirmil	14	carmel-1	842	settlement
Carthage	36.8526	10.3235	Carthage	0	carthage	1000	settlement
Casiphia	32.5433	44.4222	Babylon	1	casiphia	784	settlement
Cauda	34.8333	24.0833	Gavdos	1	cauda	1000	region
Cenchreae	37.8843	22.9968	Kechries	2	cenchreae	1000	settlement
Chalcis	33.7258	35.9297	Anjar	0	chalcis	619	settlement
Chaldea	30.9622	46.1044	Tell el Muqayyar	85	chaldea	1000	region
Charmande	33.6439	42.8231	Hit	0	charmande	430	settlement
Chebar	32.1269	45.2308	Shatt en Nil	8	chebar	696	water
Chephar-ammoni	31.9661	35.2476	Khirbet Kafr Ana	1	chephar-ammoni	252	settlement
Chephirah	31.8309	35.1068	Khirbet el Kefireh	4	chephirah	838	settlement
Cherith	32.3947	35.5914	Wadi al Yabis	2	cherith	335	settlement
Cherub	32.5433	44.4222	Babylon	2	cherub	591	settlement
Chesalon	31.7811	35.0511	Kesla	1	chesalon	702	settlement
Chesil	31.3273	34.8785	Khirbet ar Ras	1	chesil	103	settlement
Chesulloth	32.6834	35.3242	Iksal	1	chesulloth	878	settlement
Chezib	31.6421	34.9530	Tel el Beida	1	chezib	437	settlement
Chilmad	36.3856	36.6889	Tell Jindaris	1	chilmad	316	region
Chinnereth	32.8694	35.5383	Tel Kinrot	4	chinnereth	756	water
Chios	38.3725	26.1375	Chios	1	chios	1000	region
Chisloth-tabor	32.6834	35.3242	Iksal	1	chisloth-tabor	652	settlement
Chitlish	31.5299	34.7896	Khirbet Umm al Baqar	1	chitlish	347	settlement
Chorazin	32.9114	35.5639	Khirbet Karraza	2	chorazin	786	settlement
Cilicia	36.9130	34.8921	Tarsus	8	cilicia	1000	region
City of David	31.7736	35.2356	City of David	46	city-of-david	1000	settlement
City of Destruction	30.1294	31.3075	Ain Shams	1	city-of-destruction	566	settlement
City of Palms 1	31.8717	35.4446	Tell es Sultan	3	city-of-palms-1	939	settlement
City of Palms 2	31.8717	35.4446	Tell es Sultan	1	city-of-palms-2	898	settlement
City of Salt	31.7408	35.4586	Qumran	1	city-of-salt	340	settlement
Cnidus	36.6858	27.3750	Cnidus	1	cnidus	1000	settlement
Colossae	37.7866	29.2599	Colossae	1	colossae	1000	settlement
Corinth	37.9058	22.8787	Corinth	11	corinth	1000	settlement
Corner Gate	31.7767	35.2342	Jerusalem	5	corner-gate	1000	site
Cos	36.8153	27.1103	Kos	1	cos	1000	region
Cozeba	31.6421	34.9530	Tel el Beida	1	cozeba	385	settlement
Crete	35.3097	24.8933	Crete	9	crete	1000	region
Cun	34.2597	36.4236	Ras Baalbek	1	cun	254	settlement
Cush 1	16.9351	33.7507	Meroe	19	cush-1	1000	region
Cush 2	32.5433	44.4222	Babylon	1	cush-2	510	region
Cushan	28.4947	35.0122	Al Bad	1	cushan	515	region
Cuth	32.7600	44.6129	Tell Ibrahim	2	cuth	810	settlement
Cyprus	35.0000	33.0000	Cyprus	12	cyprus	1000	region
Cyrene	32.8209	21.8512	Cyrene	7	cyrene	1000	settlement
Dabbesheth	32.6703	35.1550	Tel Shem	1	dabbesheth	558	settlement
Daberath	32.6973	35.3775	Horvat Devora	3	daberath	673	settlement
Dalmanutha	32.8271	35.5136	Majdal	1	dalmanutha	255	settlement
Dalmatia	43.8128	16.2188	Dalmatia	1	dalmatia	1000	region
Damascus	33.5111	36.3064	Damascus	58	damascus	1000	settlement
Dan	33.2490	35.6520	Tel Dan	25	dan	1000	settlement
Dannah	31.3698	34.9950	Khirbet Zanuta	1	dannah	143	settlement
Debir 1	31.4321	35.0149	Khirbet Rabud	11	debir-1	775	settlement
Debir 2	31.8164	35.3594	Khan el Hatrur	1	debir-2	258	settlement
Debir 3	32.5658	35.6122	Umm ed Debar	1	debir-3	139	settlement
Decapolis	32.7167	35.8000	Decapolis	3	decapolis	1000	region
Dedan	26.6500	37.9167	Al Khuraybah	7	dedan	845	settlement
Derbe	37.3486	33.3615	Kerti Hüyük	5	derbe	860	settlement
Dibon 1	31.5022	35.7766	Tall Dhiban	10	dibon-1	1000	settlement
Dibon 2	31.5022	35.7766	Tall Dhiban	1	dibon-2	77	settlement
Dibon 3	31.5022	35.7766	Tall Dhiban	1	dibon-3	405	settlement
Dilean	31.5026	34.7583	Tel Nagila	1	dilean	309	settlement
Dimnah	32.7881	35.3106	Rumana	1	dimnah	442	settlement
Dimonah	31.2961	35.1562	Khirbet edh Dheiba	1	dimonah	229	settlement
Dinhabah	31.7985	35.7224	Khirbet el Muhatta	2	dinhabah	-76	settlement
Diviners’ Oak	32.2136	35.2819	Tell Balatah	1	diviners-oak	1000	site
Dizahab	31.8066	36.0508	Ad Duhaybah	1	dizahab	339	settlement
Dophkah	29.0367	33.4594	Serabit el Khadim	2	dophkah	441	settlement
Dor	32.6174	34.9164	Tel Dor	4	dor	864	settlement
Dothan	32.4135	35.2399	Tel Dotan	2	dothan	877	settlement
Dragon Spring	31.7672	35.2360	Bir Ayub	1	dragon-spring	348	water
Dumah 1	31.4306	34.9861	Deir ed Domeh	1	dumah-1	662	settlement
Dumah 2	30.7458	35.6039	Buseira	1	dumah-2	480	region
Dung Gate	31.7767	35.2342	Jerusalem	4	dung-gate	1000	site
Dura	32.3200	44.5017	Tulul Dura	1	dura	433	settlement
East	31.9547	35.9343	Amman	18	east	1000	region
East Gate	31.7767	35.2342	Jerusalem	4	east-gate	1000	site
East Square	31.7767	35.2342	Jerusalem	1	east-square	1000	settlement
Ebenezer 1	32.1046	34.9645	Izbet Sartah	2	ebenezer-1	589	settlement
Ebenezer 2	31.9409	35.2370	between Mizpah and Shen	1	ebenezer-2	217	site
Ebez	32.6581	35.5058	Ain el Habus	1	ebez	142	settlement
Ebron	33.0477	35.1619	Tel Avdon	1	ebron	513	settlement
Ecbatana	34.8065	48.5162	Tell Hagmatana	1	ecbatana	1000	settlement
Eden 1	40.3833	44.9500	Armenia	13	eden-1	178	site
Eden 2	36.7014	38.0865	Til Barsip	3	eden-2	944	region
Eder 1	31.7073	35.2301	Khirbet es Siyar el Ghanam	1	eder-1	632	settlement
Eder 2	31.2808	35.1250	Tel Arad	1	eder-2	111	settlement
Edom	30.7458	35.6039	Buseira	111	edom	880	region
Edrei 1	32.6253	36.1061	Daraa	7	edrei-1	821	settlement
Edrei 2	33.0758	35.5283	Har Zevi	1	edrei-2	224	settlement
Eglaim	31.1808	35.7126	Rujm el Jilimeh	1	eglaim	325	settlement
Eglath-shelishiyah	31.0369	35.4877	Al Safi	2	eglath-shelishiyah	115	settlement
Eglon	31.4918	34.9281	Tell Eton	8	eglon	574	settlement
Egypt	30.1294	31.3075	Ain Shams	658	egypt	1000	region
Ekron	31.7775	34.8519	Tel Miqne	20	ekron	1000	settlement
El-bethel	31.9228	35.2414	Beitin	1	el-bethel	716	site
El-paran	29.5307	35.0000	Aqaba	1	el-paran	340	region
Elam	32.1892	48.2578	Shush	16	elam	1000	region
Elath	29.5307	35.0000	Aqaba	6	elath	527	region
Elealeh	31.8193	35.8283	Al ‘Al	5	elealeh	774	settlement
Elim	29.2547	32.9158	Wadi Gharandal	4	elim	533	settlement
Elishah	35.0000	33.0000	Cyprus	1	elishah	377	region
Elkosh	33.1214	35.3383	El Kauzeh	1	elkosh	233	settlement
Ellasar	35.4567	43.2625	Assur	2	ellasar	215	region
Elon	31.7463	34.9971	Khirbet Wadi Illin	1	elon	315	settlement
Elonbeth-hanan	31.7463	34.9971	Khirbet Wadi Illin	1	elonbeth-hanan	155	settlement
Eltekeh	31.8925	34.7678	Tel Shalaf	2	eltekeh	414	settlement
Eltekon	31.6903	35.1015	Khirbet ed Deir	1	eltekon	409	settlement
Eltolad	31.2447	34.8408	Tel Beer Sheva	3	eltolad	183	settlement
Emek-keziz	31.8717	35.4446	Tell es Sultan	1	emek-keziz	470	settlement
Emmaus	31.7929	35.1642	Qalunya	3	emmaus	338	settlement
En-dor	32.6436	35.3902	Khirbet es Safsafa	3	en-dor	757	settlement
En-gannim 1	31.7476	34.9638	Khirbet Umm Jina	1	en-gannim-1	288	settlement
En-gannim 2	32.7135	35.4954	Khirbet Beit Jann	2	en-gannim-2	167	settlement
En-haddah	32.6804	35.4863	Hadita	1	en-haddah	698	settlement
En-hakkore	31.7488	35.0010	Khirbet es Siyyagh	1	en-hakkore	326	water
En-hazor	33.1289	35.4400	Aynata	1	en-hazor	394	settlement
En-rimmon	31.3833	34.8656	Tel Halif	1	en-rimmon	276	settlement
En-rogel	31.7672	35.2360	Bir Ayub	6	en-rogel	793	water
En-shemesh	31.7741	35.2701	Ein Haud	2	en-shemesh	741	water
En-tappuah	32.1041	35.2301	Tell Abu Zarad	2	en-tappuah	357	water
Enaim	31.6877	35.0124	Khirbet Beit Ika	2	enaim	54	settlement
Enam	31.6877	35.0124	Khirbet Beit Ika	1	enam	107	settlement
Eneglaim	31.2806	35.5336	Mutraba	1	eneglaim	120	settlement
Engedi	31.4500	35.3833	Ein Gedi	6	engedi	1000	region
Ephah	28.4947	35.0122	Al Bad	1	ephah	1000	
Ephes-dammim	31.6845	35.0522	Khirbet Damun	3	ephes-dammim	577	settlement
Ephesus	37.9391	27.3407	Ephesus	20	ephesus	1000	settlement
Ephraim 1	31.9544	35.3003	Taybeh	1	ephraim-1	477	mountain
Ephraim 2	31.9544	35.3003	Taybeh	1	ephraim-2	446	settlement
Ephraim 3	32.3811	35.7647	Ajloun Forest Reserve	1	ephraim-3	1000	region
Ephraim Gate	31.7767	35.2342	Jerusalem	4	ephraim-gate	1000	site
Ephrath	31.7043	35.2076	Bethlehem	3	ephrath	1000	settlement
Ephrathah	31.7043	35.2076	Bethlehem	2	ephrathah	1000	settlement
Ephron 1	31.7969	35.1442	Al Qastal	1	ephron-1	426	settlement
Ephron 2	31.9544	35.3003	Taybeh	1	ephron-2	424	settlement
Erech	31.3222	45.6361	Uruk	2	erech	1000	settlement
Eridu	30.8158	45.9958	Tell Abu Shahrain	0	eridu	1000	settlement
Esek	31.4245	34.6062	between Gerar and Beersheba	1	esek	476	water
Eshan	31.5566	35.0335	Khirbet et Taiyiba	1	eshan	215	settlement
Eshtaol	31.7977	34.9860	Khirbet Deir Shubeib	8	eshtaol	337	settlement
Eshtemoa	31.4008	35.0671	As Samu	4	eshtemoa	722	settlement
Etam 1	31.7637	35.0258	Arak Ismain	2	etam-1	816	settlement
Etam 2	31.6848	35.1788	Khirbet el Khokh	1	etam-2	248	settlement
Etam 3	31.6848	35.1788	Khirbet el Khokh	1	etam-3	747	settlement
Eth-kazin	32.7465	35.3392	Kefr Kenna	1	eth-kazin	288	settlement
Etham	30.8610	32.3523	Tell Abu Sefeh	4	etham	135	settlement
Ether 1	31.6159	34.8783	Khirbet el Ater	1	ether-1	751	settlement
Ether 2	31.6159	34.8783	Khirbet el Ater	1	ether-2	320	settlement
Ethiopia	16.9351	33.7507	Meroe	7	ethiopia	1000	region
Etruria	42.2279	11.8389	Etruria	0	etruria	1000	region
Euphrates	31.0043	47.4420	Euphrates River	44	euphrates	1000	water
Ezel	31.8575	35.2611	Jaba	2	ezel	0	site
Ezem	31.2814	34.7974	Khirbet Asan	3	ezem	616	settlement
Ezion-geber	29.4628	34.8601	Jezirat Faraun	7	ezion-geber	360	region
Fair Havens	34.9297	24.8003	Kaloi Limenes	2	fair-havens	1000	settlement
Fish Gate	31.7767	35.2342	Jerusalem	4	fish-gate	1000	site
Forum of Appius	41.4664	12.9975	Forum Appii	1	forum-of-appius	1000	settlement
Fountain Gate	31.7767	35.2342	Jerusalem	3	fountain-gate	1000	site
Gaash	32.0081	35.1073	Khirbet Tibnah	4	gaash	671	mountain
Gabbatha	31.7761	35.2280	Herod’s palace in Jerusalem	1	gabbatha	605	site
Gadara	32.6560	35.6794	Umm Qais	1	gadara	1000	settlement
Galatia	39.2667	32.9833	Galatia	6	galatia	1000	region
Galilee 1	32.7600	35.5270	Galilee	78	galilee-1	1000	region
Galilee 2	32.7600	35.5270	Galilee	1	galilee-2	498	region
Gallim	31.8154	35.2508	Khirbet Kakul	2	gallim	387	settlement
Gamad	33.6238	35.8210	Kamid el Loz	1	gamad	480	settlement
Gareb	31.7767	35.2342	Jerusalem	1	gareb	1000	mountain
Gate of the Foundation	31.7767	35.2342	Jerusalem	1	gate-of-the-foundation	1000	site
Gate of the Guard	31.7767	35.2342	Jerusalem	1	gate-of-the-guard	1000	site
Gate of Yeshanah	31.7767	35.2342	Jerusalem	2	gate-of-yeshanah	1000	site
Gath 1	31.6997	34.8469	Tell es Safi	38	gath-1	850	settlement
Gath 2	32.3984	35.0401	Jett	2	gath-2	302	settlement
Gath 3	31.6997	34.8469	Tell es Safi	2	gath-3	679	settlement
Gath-hepher	32.7381	35.3197	Tel Gat Hefer	2	gath-hepher	789	settlement
Gath-padalla	32.3984	35.0401	Jett	0	gath-padalla	752	settlement
Gath-rimmon 1	32.0917	34.8075	Tel Gerisa	3	gath-rimmon-1	338	settlement
Gath-rimmon 2	32.4462	35.2920	Khirbet Belameh	1	gath-rimmon-2	365	settlement
Gaza	31.5040	34.4644	Tell Harube	22	gaza	1000	settlement
Ge-harashim	31.9500	34.9000	Lod	2	ge-harashim	491	
Geba 1	31.8575	35.2611	Jaba	14	geba-1	740	settlement
Geba 2	31.8475	35.1834	El Jib	1	geba-2	700	settlement
Geba 3	31.8575	35.2611	Jaba	2	geba-3	437	settlement
Geba 4	31.8575	35.2611	Jaba	1	geba-4	541	settlement
Gebal 1	34.1192	35.6458	Byblos	3	gebal-1	939	settlement
Gebal 2	30.5220	35.5506	between the Dead Sea and Petra	1	gebal-2	544	region
Gebim	31.8075	35.2576	Ras el Kharruba	1	gebim	221	settlement
Geder	31.6326	35.0921	Khirbet Jedur	2	geder	422	settlement
Gederah 1	31.6889	34.9961	Khirbet Judraya	1	gederah-1	551	settlement
Gederah 2	31.8579	35.1973	Jedireh	1	gederah-2	283	settlement
Gederah 3	31.6889	34.9961	Khirbet Judraya	1	gederah-3	486	settlement
Gederoth	31.6889	34.9961	Khirbet Judraya	2	gederoth	98	settlement
Gederothaim	31.6889	34.9961	Khirbet Judraya	1	gederothaim	290	settlement
Gedor 1	31.6326	35.0921	Khirbet Jedur	2	gedor-1	806	settlement
Gedor 2	31.3821	34.6065	Tel Haror	1	gedor-2	271	settlement
Gedor 3	31.6326	35.0921	Khirbet Jedur	1	gedor-3	544	settlement
Gedor 4	31.6326	35.0921	Khirbet Jedur	1	gedor-4	441	settlement
Geliloth	31.7905	35.3226	Araq ed Deir	3	geliloth	352	settlement
Gennesaret	32.8606	35.5072	El Ghuweir	3	gennesaret	1000	region
Gerar	31.3821	34.6065	Tel Haror	9	gerar	694	settlement
Gerasa	32.2723	35.8914	Jerash	3	gerasa	1000	settlement
Gergesa	32.8261	35.6504	Kursi	0	gergesa	1000	settlement
Geruth Chimham	31.7043	35.2076	Bethlehem	1	geruth-chimham	963	region
Geshur	32.7667	35.7000	Fiq	11	geshur	435	region
Gethsemane	31.7794	35.2394	Gethsemane	2	gethsemane	1000	site
Gezer	31.8592	34.9192	Tel Gezer	14	gezer	942	settlement
Giah	31.8410	35.2795	east of Gibeon	1	giah	402	region
Gibbar	31.8475	35.1834	El Jib	1	gibbar	235	settlement
Gibbethon	31.8564	34.8656	Tell Melat	5	gibbethon	530	settlement
Gibea	31.6751	35.0762	Jab’a	1	gibea	1	settlement
Gibeah 1	31.8231	35.2307	Tel el Ful	45	gibeah-1	669	settlement
Gibeah 2	31.4502	35.0535	south of Hebron	2	gibeah-2	448	settlement
Gibeah 3	31.9855	35.2439	Burj el Bardawil	1	gibeah-3	215	settlement
Gibeah 4	31.8231	35.2307	Tel el Ful	1	gibeah-4	308	mountain
Gibeath-elohim	31.8231	35.2307	Tel el Ful	1	gibeath-elohim	244	settlement
Gibeath-haaraloth	31.8819	35.4600	Khirbet el Mefjir	1	gibeath-haaraloth	416	mountain
Gibeon	31.8475	35.1834	El Jib	39	gibeon	912	settlement
Gidom	31.8476	35.3051	El Jai Cave	1	gidom	97	region
Gihon 1	31.4653	30.3667	Nile River	1	gihon-1	193	water
Gihon 2	31.7729	35.2364	Gihon Spring	6	gihon-2	1000	water
Gilead 1	32.1870	35.6921	Tell edh Dhahab esh Sherqiyeh	86	gilead-1	694	region
Gilead 2	32.1870	35.6921	Tell edh Dhahab esh Sherqiyeh	1	gilead-2	239	region
Gilgal 1	31.8819	35.4600	Khirbet el Mefjir	33	gilgal-1	556	settlement
Gilgal 2	32.0306	35.2250	Jiljilyya	2	gilgal-2	318	settlement
Gilgal 3	31.7905	35.3226	Araq ed Deir	1	gilgal-3	162	settlement
Gilgal 4	31.8819	35.4600	Khirbet el Mefjir	1	gilgal-4	103	settlement
Giloh	31.4321	35.0149	Khirbet Rabud	3	giloh	427	settlement
Gimzo	31.9297	34.9468	Jimzu	1	gimzo	805	settlement
Gittaim	31.9030	34.8899	Ras Abu Hamid	2	gittaim	486	settlement
Goah	31.7767	35.2342	Jerusalem	1	goah	1000	mountain
Gob	31.8592	34.9192	Tel Gezer	2	gob	300	settlement
Gog	38.4883	28.0403	Sardis	1	gog	387	region
Goiim 1	33.5111	36.3064	Damascus	2	goiim-1	269	region
Goiim 2	32.7600	35.5270	Galilee	1	goiim-2	241	region
Golan	32.7811	35.9347	Saham al Jawlan	4	golan	680	settlement
Golgotha	31.7784	35.2298	Church of the Holy Sepulchre	4	golgotha	426	mountain
Gomer	39.0000	32.0000	Asia Minor	1	gomer	1000	region
Gomorrah	31.2085	35.4492	south of the Lisan	24	gomorrah	236	settlement
Goshen 1	30.7994	31.8342	Qantir	11	goshen-1	519	region
Goshen 2	31.4076	34.9723	Dahriya	2	goshen-2	153	region
Goshen 3	31.4076	34.9723	Dahriya	1	goshen-3	342	settlement
Gozan	36.8268	40.0397	Tell Halaf	5	gozan	829	settlement
Great Sea	31.8048	34.1703	Mediterranean Sea	36	great-sea	1000	water
Greece	37.9719	23.7267	Athens	7	greece	1000	region
Gulloth-mayim	31.4321	35.0149	Khirbet Rabud	2	gulloth-mayim	775	water
Gur	32.4441	35.2966	Khirbet en Najjar	1	gur	566	mountain
Gurbaal	30.7458	35.6039	Buseira	1	gurbaal	541	settlement
Gutium	34.3875	47.1321	Kermanshah	0	gutium	1000	region
Habor	35.1303	40.4273	Khabur River	3	habor	879	water
Hachilah	31.4703	35.2228	Zahrat al Kula	3	hachilah	463	settlement
Hadad-rimmon	32.5244	35.2041	Rummanah	1	hadad-rimmon	242	settlement
Hadashah	31.6269	34.8457	between Lachish and Gath	1	hadashah	620	settlement
Hadid	31.9633	34.9518	Al Haditha	3	hadid	838	settlement
Hadrach	35.9050	36.7986	Tell Afis	1	hadrach	789	settlement
Haeleph	31.8025	35.2096	Khirbet Salah	1	haeleph	147	settlement
Hakkephirim	32.0272	34.8681	Kafr Ana	1	hakkephirim	758	settlement
Halah	36.4317	43.1946	Al Abbasiyah	4	halah	396	region
Halahha	36.4317	43.1946	Al Abbasiyah	0	halahha	558	settlement
Halhul	31.5774	35.1073	Halhul	1	halhul	881	settlement
Hali	32.7718	35.1557	Tel Alil	1	hali	644	settlement
Hall of Judgment	31.7767	35.2342	Jerusalem	1	hall-of-judgment	1000	site
Hall of Pillars	31.7767	35.2342	Jerusalem	1	hall-of-pillars	1000	site
Hall of the Throne	31.7767	35.2342	Jerusalem	1	hall-of-the-throne	1000	site
Ham 1	32.5142	35.8124	Tell Ham	1	ham-1	599	settlement
Ham 2	30.1294	31.3075	Ain Shams	4	ham-2	1169	region
Hamath 1	35.1365	36.7500	Hama	21	hamath-1	957	settlement
Hamath 2	35.1365	36.7500	Hama	2	hamath-2	1077	settlement
Hamath-zobah	35.1365	36.7500	Hama	2	hamath-zobah	469	region
Hammath 1	32.7664	35.5506	Hamat Tiberias	1	hammath-1	603	settlement
Hammath 2	32.7664	35.5506	Hamat Tiberias	1	hammath-2	97	settlement
Hammon 1	33.1281	35.1520	Umm el Awamid	1	hammon-1	752	settlement
Hammon 2	32.7664	35.5506	Hamat Tiberias	1	hammon-2	455	settlement
Hammoth-dor	32.7664	35.5506	Hamat Tiberias	1	hammoth-dor	483	settlement
Hamonah	31.7539	35.7152	Abarim	1	hamonah	229	settlement
Hanes	29.0856	30.9344	Ihnasiyyah al Madinah	1	hanes	483	settlement
Hannathon	32.7856	35.2569	Tel Hanaton	1	hannathon	847	settlement
Hapharaim	32.6039	35.4466	Et Taiyibeh	1	hapharaim	423	settlement
Hara	36.8268	40.0397	Tell Halaf	1	hara	151	mountain
Haradah	30.5066	34.3036	Wadi Lussan	2	haradah	176	
Haran	36.8644	39.0328	Harran	12	haran	922	settlement
Harhar	35.3097	46.9989	Sarandaj	0	harhar	269	region
Harim	32.1882	34.8067	Al Haram	7	harim	66	settlement
Harmon	33.4000	35.8500	Mount Hermon	1	harmon	259	mountain
Harod 1	32.5486	35.3558	Well of Harod	1	harod-1	722	water
Harod 2	31.7333	35.2721	Khirbet el Harazan	2	harod-2	460	settlement
Harosheth-hagoyim	32.7589	35.0903	Tel Regev	3	harosheth-hagoyim	104	region
Hashmonah	30.6689	34.3667	Qoseimeh	2	hashmonah	121	
Hatti	40.0197	34.6153	Hattusa	0	hatti	1000	region
Hauran	32.7301	36.3681	Hauran	2	hauran	1000	region
Havilah 1	32.5433	44.4222	Babylon	1	havilah-1	328	region
Havilah 2	23.0000	46.0000	Arabian Peninsula	1	havilah-2	519	region
Havilah 3	23.0000	46.0000	Arabian Peninsula	1	havilah-3	469	region
Havvoth-jair	32.5876	35.7256	Qamm	6	havvoth-jair	167	region
Hazar-addar	30.5834	34.4841	Ein Qedeis	1	hazar-addar	453	settlement
Hazar-enan	34.2294	37.2406	Al Qaryatayn	4	hazar-enan	576	settlement
Hazar-gaddah	31.2447	34.8408	Tel Beer Sheva	1	hazar-gaddah	353	settlement
Hazar-shual	31.2447	34.8408	Tel Beer Sheva	4	hazar-shual	351	settlement
Hazar-susah	31.3445	34.9014	Khirbet esh Shamsaniyat	2	hazar-susah	354	settlement
Hazazon-tamar 1	30.8087	35.2459	En Hazeva	1	hazazon-tamar-1	325	region
Hazazon-tamar 2	31.4500	35.3833	Ein Gedi	1	hazazon-tamar-2	1000	region
Hazer-hatticon	34.2294	37.2406	Al Qaryatayn	1	hazer-hatticon	278	settlement
Hazeroth	28.8969	34.4217	Ain el Khadra	6	hazeroth	481	settlement
Hazor 1	33.0183	35.5692	Tel Hazor	11	hazor-1	928	settlement
Hazor 2	30.7228	34.6452	El Jebariyeh	1	hazor-2	311	settlement
Hazor 3	31.3450	35.1244	Khirbet el Qaryatein	1	hazor-3	245	settlement
Hazor 4	31.8322	35.1955	Khirbet Hazzur	1	hazor-4	541	mountain
Hazor 5	29.8114	39.8683	Dumat al Jandal	3	hazor-5	600	region
Hazor-hadattah	31.3733	35.2336	Har Hezron	1	hazor-hadattah	381	settlement
Hebron	31.5251	35.1022	Tel Rumeida	62	hebron	1000	settlement
Helam	32.7500	36.2408	Alma	2	helam	335	settlement
Helbah	33.3178	35.2434	Khirbet al Mahalib	1	helbah	275	settlement
Helbon	33.6667	36.2500	Halbun	1	helbon	750	settlement
Helech	36.9130	34.8921	Tarsus	1	helech	460	region
Heleph	32.7247	35.4138	Khirbet Irbadeh	2	heleph	577	settlement
Heliopolis	30.1294	31.3075	Ain Shams	5	heliopolis	1000	settlement
Helkath	32.6853	35.1097	Tel Qashish	2	helkath	377	settlement
Helkath-hazzurim	31.8475	35.1834	El Jib	1	helkath-hazzurim	912	site
Hena	34.3686	41.9819	Anah	3	hena	318	settlement
Hepher	32.4428	35.2177	Tell el Muhaffar	2	hepher	455	settlement
Heracleopolis Magna	29.0856	30.9344	Ihnasiyyah al Madinah	0	heracleopolis-magna	1000	settlement
Heracleopolis Parva	30.9781	32.1756	Tell Belim	0	heracleopolis-parva	1000	settlement
Heres	31.9547	35.9343	Transjordan	1	heres	165	mountain
Hereth	31.6141	35.0431	Kharas	1	hereth	356	region
Herod’s palace	31.7761	35.2280	Herod’s palace in Jerusalem	0	herods-palace	1000	site
Heshbon	31.8008	35.8091	Tell Hesban	37	heshbon	433	settlement
Heshmon	31.3099	34.9078	Tell es Saqati	1	heshmon	231	settlement
Hethlon	34.6031	36.1336	Haitla	2	hethlon	465	settlement
Hezron	30.6483	34.4222	Ain el Qudeirat	1	hezron	523	settlement
Hierapolis	37.9266	29.1274	Hierapolis	1	hierapolis	1000	settlement
Hilakku	36.9130	34.8921	Tarsus	0	hilakku	1000	region
Hobah	34.2500	37.0667	Hoba	1	hobah	158	region
Holon 1	31.6622	35.0305	Khirbet Alin	3	holon-1	153	settlement
Holon 2	31.1806	35.7014	Kerak	1	holon-2	489	settlement
Holy Place 2	31.7778	35.2356	Mount Moriah	23	holy-place-2	1000	site
Hor-haggidgad	30.1142	34.7115	Wadi Khadakhid	3	hor-haggidgad	317	
Horem	33.1745	35.3766	Hariss	1	horem	79	settlement
Horesh	31.4503	35.1274	Khirbet Khureise	4	horesh	327	region
Hormah	31.2123	34.9583	Tel Masos	9	hormah	449	settlement
Horonaim 1	31.0900	35.6419	El Iraq	4	horonaim-1	273	settlement
Horonaim 2	31.8950	35.0836	Beit Ur al Tahta	1	horonaim-2	486	settlement
Horse Gate	31.7767	35.2342	Jerusalem	3	horse-gate	1000	site
Hosah	33.2367	35.2152	Tell Rachidiyeh	1	hosah	629	settlement
House of the Forest of Lebanon	31.7767	35.2342	Jerusalem	6	house-of-the-forest-of-lebanon	1000	site
Hukkok	32.8643	35.2634	Khirbet el Jemeijimeh	1	hukkok	283	settlement
Hukok	32.7589	35.0903	Tel Regev	1	hukok	201	settlement
Humtah	31.5251	35.1022	Tel Rumeida	1	humtah	795	settlement
Hushah	31.7118	35.1324	Husan	6	hushah	409	settlement
Ibleam	32.4462	35.2920	Khirbet Belameh	4	ibleam	860	settlement
Iconium	37.8722	32.4923	Konya	6	iconium	1000	settlement
Idalah	32.7258	35.1834	Khirbet el Huwarah	1	idalah	721	settlement
Idumea	31.5251	35.1022	Tel Rumeida	1	idumea	1000	region
Iim	31.3648	34.9206	Deir al Ghawi	1	iim	518	settlement
Ijon	33.3453	35.5900	Tell Dibbine	3	ijon	661	settlement
Illyricum	43.5394	16.4831	Salona	1	illyricum	1000	region
Immer	32.5433	44.4222	Babylon	2	immer	1007	settlement
India	23.9944	67.4308	Indus River	2	india	1000	region
Iphtah	31.5746	35.0124	Tarqumiyeh	1	iphtah	185	settlement
Ir-moab	31.2809	35.7595	Misna	1	ir-moab	248	settlement
Ir-nahash	31.6157	34.9217	Dayr Nakhkhas	1	ir-nahash	292	settlement
Ir-shemesh	31.7506	34.9747	Tel Bet Shemesh	1	ir-shemesh	864	settlement
Irpeel	31.8706	35.1922	Rafat	1	irpeel	198	settlement
Italy	41.8922	12.4852	Rome	4	italy	1000	region
Ithlah	31.8411	35.0236	Yalo	1	ithlah	281	settlement
Ithnan	30.6127	34.7325	Mesudat Har Hemet	1	ithnan	179	settlement
Ituraea	33.4000	35.8500	Mount Hermon	1	ituraea	1000	region
Ivvah	34.6847	36.6906	Kafr Aya	3	ivvah	110	settlement
Iye-abarim	30.9560	35.7795	Medeineh	3	iye-abarim	403	
Jaar	31.8090	35.1038	Deir el Azar	1	jaar	534	settlement
Jabbok	32.1153	35.5431	Zarqa River	7	jabbok	1000	water
Jabesh-gilead	32.4024	35.6823	Tell el Maqlub	20	jabesh-gilead	698	settlement
Jabez	31.7043	35.2076	Bethlehem	1	jabez	369	settlement
Jabneel 1	31.8660	34.7463	Yibna	2	jabneel-1	775	settlement
Jabneel 2	32.7133	35.5125	Tel Yin’am	1	jabneel-2	753	settlement
Jagur	31.2328	34.9867	Tel Ira	1	jagur	650	settlement
Jahaz	31.5883	35.9079	Khirbet el Medeiyineh	9	jahaz	444	settlement
Janim	31.5159	35.1642	Bani Nai’im	1	janim	488	settlement
Janoah 1	32.1580	35.3613	Khirbet Yanun	2	janoah-1	645	settlement
Janoah 2	33.2602	35.3026	Yanouh	1	janoah-2	321	settlement
Janua	32.4865	35.2353	Yamun	0	janua	482	settlement
Japhia	32.6870	35.2754	Yafa	1	japhia	685	settlement
Jarmuth 1	31.7083	34.9750	Tel Yarmuth	6	jarmuth-1	1000	settlement
Jarmuth 2	32.5956	35.5214	Kokab el Hawa	1	jarmuth-2	285	settlement
Jattir	31.3525	35.0161	Khirbet Attir	6	jattir	1000	settlement
Javan	38.2000	27.5000	Ionia	2	javan	1000	region
Jazer	31.9445	35.8301	Khirbet Sara	13	jazer	281	settlement
Jebus	31.7767	35.2342	Jerusalem	7	jebus	805	settlement
Jehud	32.0308	34.8903	Yehud	1	jehud	805	settlement
Jericho 1	31.8717	35.4446	Tell es Sultan	63	jericho-1	1000	settlement
Jericho 2	31.8519	35.4362	Tell el Alayiq	5	jericho-2	1000	settlement
Jeruel	31.5797	35.3092	Jeruel	1	jeruel	1000	region
Jerusalem	31.7767	35.2342	Jerusalem	955	jerusalem	1000	settlement
Jeshanah	31.9986	35.2603	Burj el Isaneh	1	jeshanah	1000	settlement
Jeshimon	31.4703	35.2228	Zahrat al Kula	6	jeshimon	463	region
Jeshua	31.2764	34.9903	Tel Yeshua	1	jeshua	525	settlement
Jezreel 1	31.4478	35.0900	Yatta	1	jezreel-1	471	settlement
Jezreel 2	32.5579	35.3280	Tel Yizre’el	29	jezreel-2	806	settlement
Jezreel 3	31.4478	35.0900	Yatta	6	jezreel-3	273	settlement
Jogbehah	32.0135	35.8558	Khirbet Jubeiha	2	jogbehah	656	settlement
Jokdeam	31.4620	35.1185	Khirbet er Raqqa	1	jokdeam	419	settlement
Jokmeam 1	32.6641	35.1083	Tel Yokneam	1	jokmeam-1	186	settlement
Jokmeam 2	32.1399	35.4850	Tel al Mazar	1	jokmeam-2	300	settlement
Jokneam	32.6641	35.1083	Tel Yokneam	4	jokneam	1000	settlement
Joktheel 1	31.5653	34.8492	Tell ed Duweir	1	joktheel-1	571	settlement
Joppa	32.0545	34.7530	Jaffa	14	joppa	1000	settlement
Jordan	31.7614	35.5583	Jordan River	202	jordan	1000	water
Jordan Valley	32.3172	35.5700	Jordan Valley	8	jordan-valley	1000	
Jorkeam	31.4620	35.1185	Khirbet er Raqqa	1	jorkeam	135	settlement
Jotbah	32.8319	35.2781	Khirbet Shifat	1	jotbah	637	settlement
Jotbathah	29.4925	34.8969	Taba	3	jotbathah	352	settlement
Judea 1	31.7767	35.2342	Jerusalem	52	judea-1	1000	region
Judea 2	31.7767	35.2342	Jerusalem	2	judea-2	1000	region
Juttah	31.4478	35.0900	Yatta	3	juttah	771	settlement
Kabzeel	31.2862	34.9323	Khirbet Hora	4	kabzeel	162	settlement
Kadesh 2	34.5578	36.5196	Tell Nebi Mend	1	kadesh-2	542	settlement
Kadesh-barnea	30.6483	34.4222	Ain el Qudeirat	24	kadesh-barnea	864	settlement
Kain	31.4963	35.1515	Khirbet Bani Dar	2	kain	565	settlement
Kamon	32.5876	35.7256	Qamm	1	kamon	167	settlement
Kanah 1	32.1270	34.8954	Wadi Qana	2	kanah-1	661	water
Kanah 2	33.2092	35.2992	Qana	1	kanah-2	842	settlement
Karka	30.6667	34.3667	Ain Qoseimeh	1	karka	542	settlement
Karkor	31.3631	37.5428	Al Qarqar	1	karkor	298	settlement
Karnaim	32.8358	36.0350	Al Shaykh Saad	1	karnaim	760	settlement
Kartah	33.1119	35.4625	Khirbet el Qureiyeh	2	kartah	104	settlement
Kartan	33.1119	35.4625	Khirbet el Qureiyeh	1	kartan	397	settlement
Kattath	32.6256	35.0322	Khirbet Qutteina	1	kattath	123	settlement
Kedar	29.8114	39.8683	Dumat al Jandal	9	kedar	1000	
Kedemoth	31.5318	35.8803	Aleiyan	4	kedemoth	251	settlement
Kedesh 1	33.1116	35.5295	Tel Kedesh	4	kedesh-1	599	settlement
Kedesh 2	30.6483	34.4222	Ain el Qudeirat	1	kedesh-2	384	settlement
Kedesh 3	32.5595	35.2160	Tell Abu Qedeis	1	kedesh-3	316	settlement
Kedesh 4	32.7350	35.5555	Khirbet Qedish	3	kedesh-4	276	settlement
Kedesh 5	33.1116	35.5295	Tel Kedesh	2	kedesh-5	574	settlement
Kedesh-naphtali	32.7350	35.5555	Khirbet Qedish	1	kedesh-naphtali	365	settlement
Kehelathah	30.1931	34.4211	Kuntillet Ajrud	2	kehelathah	80	settlement
Keilah	31.6137	35.0036	Khirbet Qila	15	keilah	815	settlement
Kenath	32.7562	36.6190	Qanawat	2	kenath	798	settlement
Kerioth	31.5406	35.6861	Al Qurayyat	3	kerioth	557	settlement
Kerioth-hezron	31.3450	35.1244	Khirbet el Qaryatein	1	kerioth-hezron	316	settlement
Kibroth-hattaavah	28.7887	34.2754	Erweis el Ebeirig	5	kibroth-hattaavah	405	settlement
Kibzaim	32.1399	35.4850	Tel al Mazar	1	kibzaim	123	settlement
Kidron	31.7803	35.2400	Kidron River	14	kidron	1000	water
Kinah	31.2092	35.1657	Horbat Uza	1	kinah	259	settlement
King’s Highway	31.9547	35.9343	King’s Highway	2	kings-highway	1000	
King’s Valley	31.7672	35.2360	intersection of Kidron Valley and Valley of Hinnom	2	kings-valley	456	
Kir 1	33.1236	45.9314	Der	4	kir-1	465	mountain
Kir 2	31.1806	35.7014	Kerak	1	kir-2	606	settlement
Kir-hareseth	31.1806	35.7014	Kerak	5	kir-hareseth	805	settlement
Kiriath-huzoth	31.5022	35.7766	Tall Dhiban	1	kiriath-huzoth	215	settlement
Kiriath-jearim	31.8090	35.1038	Deir el Azar	19	kiriath-jearim	1000	settlement
Kiriathaim 1	31.7491	35.7439	Khirbet al Mukhayyat	5	kiriathaim-1	306	settlement
Kiriathaim 2	33.1119	35.4625	Khirbet el Qureiyeh	1	kiriathaim-2	268	settlement
Kishion	32.6614	35.3931	Tell Qisyon	2	kishion	447	settlement
Kishon	32.8167	35.0333	Kishon River	5	kishon	854	water
Kitron	32.6256	35.0322	Khirbet Qutteina	1	kitron	204	settlement
Kittim	35.0000	33.0000	Cyprus	2	kittim	1000	region
Koa	34.3875	47.1321	Kermanshah	1	koa	501	region
Kue	37.0000	35.3250	Adana	2	kue	865	region
Kumidi	33.6238	35.8210	Kamid el Loz	0	kumidi	1000	settlement
Laash	35.1365	36.7500	Hama	0	laash	878	settlement
Laban	31.2319	34.1067	Tel Abu Seleimeh	1	laban	162	settlement
Lachish	31.5653	34.8492	Tell ed Duweir	22	lachish	1000	settlement
Lahmam	31.5718	34.8960	Horbat Lehem	1	lahmam	387	settlement
Laishah	31.7986	35.2483	Isawiya	1	laishah	239	settlement
Lakkum	32.6983	35.5519	Horbat Kush	1	lakkum	449	settlement
Laodicea	37.8358	29.1075	Laodicea on the Lycus	6	laodicea	1000	settlement
Lasea	34.9406	24.8111	Lasaea	1	lasea	1000	settlement
Lasha	31.5970	35.5593	Callirrhoe	1	lasha	335	region
Lasharon	32.4000	34.8830	Sharon Plain	1	lasharon	467	region
Leb-kamai	30.9622	46.1044	Tell el Muqayyar	1	leb-kamai	1000	region
Lebanon	33.5400	35.5836	Jezzine	57	lebanon	1000	region
Lebaoth	31.0067	34.4918	Jebel el Biri	1	lebaoth	429	settlement
Lebo-hamath	34.1949	36.3496	Labweh	12	lebo-hamath	738	settlement
Lebonah	32.0591	35.2498	Khan el Lubban	1	lebonah	497	settlement
Lehem	31.7043	35.2076	Bethlehem	1	lehem	316	settlement
Lehi	31.7488	35.0010	Khirbet es Siyyagh	4	lehi	470	settlement
Libnah 1	31.6299	34.8735	Tell Bornat	16	libnah-1	381	settlement
Libnah 2	29.9932	34.7040	Wadi el Beidha	2	libnah-2	129	
Libya	32.8209	21.8512	Cyrene	3	libya	1000	region
Lo-debar	32.6839	35.6299	Tel Dover	4	lo-debar	172	settlement
Lod	31.9500	34.9000	Lod	7	lod	1000	settlement
Lower Beth-horon	31.8950	35.0836	Beit Ur al Tahta	5	lower-beth-horon	1000	settlement
Lower Gulloth	31.4321	35.0149	Khirbet Rabud	2	lower-gulloth	775	water
Lower Pool	31.7767	35.2342	Jerusalem	1	lower-pool	1000	water
Lud 1	38.4883	28.0403	Sardis	2	lud-1	1000	region
Lud 2	38.4883	28.0403	Sardis	2	lud-2	401	region
Luhith	31.1379	35.6222	Kathrabba	2	luhith	578	settlement
Luz 1	31.9228	35.2414	Beitin	6	luz-1	716	settlement
Luz 2	33.4603	35.5356	Luweizeh	1	luz-2	372	settlement
Lycaonia	38.0000	33.0000	Lycaonia	2	lycaonia	1000	region
Lycia	36.7333	29.9000	Lycia	1	lycia	1000	region
Lydia	38.4883	28.0403	Sardis	0	lydia	1000	region
Lystra	37.6017	32.3384	Tel Lystra	6	lystra	1000	settlement
Maacah	33.2581	35.5810	Tel Abel Beth Maacah	8	maacah	756	region
Maarath	31.6207	35.1135	Khirbet Qufin	1	maarath	402	settlement
Maareh-geba	31.8231	35.2307	Tel el Ful	1	maareh-geba	669	region
Macedonia	41.6000	22.5400	Macedonia	24	macedonia	1000	region
Machbenah	31.5542	34.8968	Khirbet Hebra	1	machbenah	29	settlement
Machpelah	31.5247	35.1108	Cave of the Patriarchs	6	machpelah	1000	settlement
Madiama	28.4947	35.0122	Al Bad	0	madiama	1000	settlement
Madmannah	31.3503	34.9286	Khirbet Tatrit	2	madmannah	554	settlement
Madmen	31.2918	35.7048	Dimnah	1	madmen	341	settlement
Madmenah	31.8201	35.2232	Shufat	1	madmenah	216	settlement
Madon	33.0768	35.4324	Tell el Khirbeh	2	madon	146	settlement
Magadan	32.8271	35.5136	Majdal	1	magadan	616	settlement
Magbish	31.6382	34.9532	Khirbet el Makhbiyeh	1	magbish	249	settlement
Magdala	32.8271	35.5136	Majdal	0	magdala	1000	settlement
Magdalsenna	31.9662	35.4718	Khirbat al Beiyudat	0	magdalsenna	191	settlement
Magdolum	30.9648	32.4929	Tell el Herr	0	magdolum	430	settlement
Magog	38.4883	28.0403	Sardis	3	magog	387	region
Mahalab	33.3178	35.2434	Khirbet al Mahalib	1	mahalab	409	settlement
Mahanaim	32.1857	35.6867	Tell edh Dhahab el Gharbi	16	mahanaim	654	settlement
Mahaneh-dan 1	31.7780	34.9989	between Eshtaol and Zorah	1	mahaneh-dan-1	789	
Mahaneh-dan 2	31.7780	34.9989	between Eshtaol and Zorah	1	mahaneh-dan-2	348	
Makaz	31.8270	34.9322	Deir Muheisin	1	makaz	162	settlement
Makheloth	30.1931	34.4211	Kuntillet Ajrud	2	makheloth	145	
Makkedah	31.5347	34.9666	Khirbet el Qom	8	makkedah	440	settlement
Malta	35.9335	14.4117	Malta	1	malta	1000	region
Mamre	31.5565	35.1053	Ramat el Khalil	6	mamre	667	settlement
Manahath	31.7537	35.1890	El Malha	1	manahath	504	settlement
Maon	31.4094	35.1338	Tel Main	3	maon	1000	settlement
Marah	29.3460	32.9428	Ain Hawarah	5	marah	384	water
Mareal	32.6543	35.1687	Tell Thorah	1	mareal	482	settlement
Mareshah	31.5930	34.8982	Tel Maresha	6	mareshah	1000	settlement
Maroth	31.6207	35.1135	Khirbet Qufin	1	maroth	18	settlement
Masrekah	29.9469	35.4636	Jebel el Musraq	2	masrekah	537	settlement
Massah	28.6231	33.8803	Wadi Rufaiyil	5	massah	318	
Mattanah	31.5883	35.9079	Khirbet el Medeiyineh	2	mattanah	548	settlement
Me-jarkon	32.1039	34.7758	Yarkon River	1	me-jarkon	723	water
Mearah	33.5400	35.5836	Jezzine	1	mearah	375	settlement
Meconah	31.3503	34.9286	Khirbet Tatrit	1	meconah	159	settlement
Medeba	31.7161	35.7955	Madaba	5	medeba	1000	settlement
Media	34.8065	48.5162	Tell Hagmatana	11	media	1000	region
Megiddo	32.5853	35.1844	Tel Megiddo	12	megiddo	1000	settlement
Memphis	29.8488	31.2530	Memphis	8	memphis	1000	settlement
Mephaath	31.4997	35.9197	Umm ar Rasas	4	mephaath	465	settlement
Merathaim	32.5433	44.4222	Babylon	1	merathaim	1000	settlement
Meribah 1	30.6483	34.4222	Ain el Qudeirat	9	meribah-1	864	settlement
Meribah 2	28.6231	33.8803	Wadi Rufaiyil	3	meribah-2	379	
Merom	33.0768	35.4324	Tell el Khirbeh	0	merom	394	settlement
Meronoth	31.8851	35.2164	Tell en Nasbeh	2	meronoth	401	settlement
Meroz	33.0322	35.5299	Khirbet Marus	1	meroz	14	settlement
Mesha	29.6109	41.5520	Massa	1	mesha	246	region
Meshech	39.6550	31.9942	Gordion	7	meshech	1000	region
Mesopotamia	36.8644	39.0328	Harran	7	mesopotamia	922	region
Metheg-ammah	31.6997	34.8469	Tell es Safi	1	metheg-ammah	343	settlement
Mezahab	31.8066	36.0508	Ad Duhaybah	2	mezahab	72	settlement
Michmash	31.8728	35.2769	Mukhmas	11	michmash	601	settlement
Michmethath	32.1772	35.2672	Khirbet en Nabi	2	michmethath	299	mountain
Middin	31.7415	35.4059	Khirbet Abu Tabaq	1	middin	418	settlement
Middle Gate	31.7767	35.2342	Jerusalem	1	middle-gate	862	site
Midian	28.4947	35.0122	Al Bad	51	midian	1000	region
Migdal-el	33.2217	35.4644	Majdel Selem	1	migdal-el	243	settlement
Migdal-gad	31.5372	34.9019	Khirbet el Mejdeleh	1	migdal-gad	323	settlement
Migdol 1	30.9648	32.4929	Tell el Herr	2	migdol-1	236	settlement
Migdol 2	30.9648	32.4929	Tell el Herr	2	migdol-2	227	settlement
Migdol 3	30.9648	32.4929	Tell el Herr	2	migdol-3	166	settlement
Migron 1	31.8692	35.2681	Tell Maryam	1	migron-1	206	region
Migron 2	31.8897	35.2714	between Aiath and Michmash	1	migron-2	145	water
Miletus	37.5311	27.2756	Miletus	3	miletus	1000	settlement
Millo	31.7767	35.2342	Jerusalem	6	millo	724	settlement
Minni	36.5703	46.2753	Qalaichi	1	minni	1000	region
Minnith	31.8202	35.8747	Umm el Hanafish	2	minnith	551	settlement
Misgab	31.1806	35.7014	Kerak	1	misgab	112	settlement
Mishal	32.8728	35.1513	Tell Keisan	3	mishal	466	settlement
Misrephoth-maim	33.3384	35.2450	Litani River	2	misrephoth-maim	260	mountain
Mithkah	30.6406	34.4111	Wadi Umm Hashim	2	mithkah	126	
Mitylene	39.1105	26.5470	ancient theater at Mitylene	1	mitylene	1000	settlement
Mizpah 1	32.1185	35.7770	Jel‘ad	5	mizpah-1	171	settlement
Mizpah 2	33.4000	35.8500	Mount Hermon	1	mizpah-2	535	region
Mizpah 3	31.8851	35.2164	Tell en Nasbeh	32	mizpah-3	781	settlement
Mizpah 4	32.1185	35.7770	Jel‘ad	3	mizpah-4	82	site
Mizpeh 1	31.8851	35.2164	Tell en Nasbeh	1	mizpeh-1	781	settlement
Mizpeh 2	31.5026	34.7583	Tel Nagila	1	mizpeh-2	155	settlement
Mizpeh 3	31.1806	35.7014	Kerak	1	mizpeh-3	176	settlement
Moab 1	31.1806	35.7014	Kerak	162	moab-1	805	region
Moab 2	31.8402	35.6737	Tall el Hammam	12	moab-2	671	region
Moladah	31.2573	34.9214	Khirbet el Waten	4	moladah	416	settlement
Moreh 1	32.2136	35.2819	Tell Balatah	2	moreh-1	953	site
Moreh 2	32.6176	35.3487	Givat HaMoreh	1	moreh-2	770	mountain
Moresheth-gath	31.6334	34.9166	Tel Goded	3	moresheth-gath	467	settlement
Moriah	31.7778	35.2356	Mount Moriah	1	moriah	325	region
Mortar	31.7767	35.2342	Jerusalem	1	mortar	1000	settlement
Moseroth	30.8321	35.0569	Har Zin	3	moseroth	192	
Most Holy Place 2	31.7778	35.2356	Mount Moriah	24	most-holy-place-2	1000	site
Mount Baal-hermon	33.4000	35.8500	Mount Hermon	1	mount-baal-hermon	1000	mountain
Mount Baalah	31.8414	34.7858	Mughar	1	mount-baalah	660	mountain
Mount Bashan	32.6667	36.7333	Jebel Druze	1	mount-bashan	436	mountain
Mount Carmel	32.6725	35.0233	Mount Carmel	18	mount-carmel	1000	mountain
Mount Ebal	32.2340	35.2733	Mount Ebal	5	mount-ebal	1000	mountain
Mount Ephraim	31.9228	35.2414	Beitin	3	mount-ephraim	716	region
Mount Ephron	31.7969	35.1442	Al Qastal	1	mount-ephron	658	mountain
Mount Esau	30.1843	35.3166	Jebel esh Shera	4	mount-esau	775	mountain
Mount Gerizim	32.1994	35.2728	Mount Gerizim	5	mount-gerizim	1000	mountain
Mount Gilboa	32.4339	35.4144	Mount Gilboa	8	mount-gilboa	1000	mountain
Mount Gilead	32.4339	35.4144	Mount Gilboa	1	mount-gilead	179	mountain
Mount Halak	30.9144	34.8287	Jebel Halaq	2	mount-halak	587	mountain
Mount Heres	31.7506	34.9747	Tel Bet Shemesh	1	mount-heres	388	settlement
Mount Hermon	33.4000	35.8500	Mount Hermon	16	mount-hermon	1000	mountain
Mount Hor 1	30.8321	35.0569	Har Zin	10	mount-hor-1	336	mountain
Mount Hor 2	33.4000	35.8500	Mount Hermon	2	mount-hor-2	288	mountain
Mount Horeb	28.5397	33.9733	Jebel Musa	17	mount-horeb	465	mountain
Mount Jearim	31.7811	35.0511	Kesla	1	mount-jearim	702	mountain
Mount Lebanon	34.2997	36.1164	Mount Lebanon	1	mount-lebanon	1000	mountain
Mount Mizar	33.4000	35.8500	Mount Hermon	1	mount-mizar	317	mountain
Mount Moriah	31.7778	35.2356	Mount Moriah	1	mount-moriah	1000	mountain
Mount Nebo	31.7667	35.7500	Jabal al Naba	2	mount-nebo	413	mountain
Mount of Olives	31.7779	35.2457	Mount of Olives	18	mount-of-olives	1000	mountain
Mount Paran	28.5397	33.9733	Jebel Musa	2	mount-paran	316	mountain
Mount Perazim	31.7852	35.2047	Sheikh Badr	1	mount-perazim	174	mountain
Mount Seir 1	30.1843	35.3166	Jebel esh Shera	34	mount-seir-1	775	mountain
Mount Seir 2	31.7966	35.0653	Shoresh	1	mount-seir-2	422	mountain
Mount Shepher	30.5066	34.3036	Wadi Lussan	2	mount-shepher	172	mountain
Mount Sinai	28.5397	33.9733	Jebel Musa	30	mount-sinai	465	mountain
Mount Tabor	32.6863	35.3929	Jebel et Tur	9	mount-tabor	1000	mountain
Mount Zalmon	32.2340	35.2733	Mount Ebal	1	mount-zalmon	257	mountain
Mount Zemaraim	31.9088	35.2117	Ras et Tahuneh	1	mount-zemaraim	207	mountain
Mount Zion	31.7717	35.2286	Mount Zion	25	mount-zion	1000	mountain
Mozah	31.7929	35.1642	Qalunya	1	mozah	417	settlement
Muster Gate	31.7767	35.2342	Jerusalem	1	muster-gate	1000	site
Myra	36.2592	29.9853	Myra	1	myra	1000	settlement
Mysia	40.0000	28.5000	Mysia	2	mysia	1000	region
Naamah 1	31.5653	34.8492	Tell ed Duweir	1	naamah-1	528	settlement
Naamah 2	15.3483	44.2064	Sheba	4	naamah-2	249	mountain
Naarah	31.8935	35.4248	Tell el Jisr	1	naarah	515	settlement
Naaran	31.8935	35.4248	Tell el Jisr	1	naaran	686	settlement
Nahalal	32.6791	35.1970	Horbat Sefan	3	nahalal	226	settlement
Nahaliel	31.6181	35.5672	Wadi Zerqa Main	1	nahaliel	339	
Nahor	36.8644	39.0328	Harran	1	nahor	468	settlement
Nahuru	36.8644	39.0328	Harran	0	nahuru	922	settlement
Nain	32.6307	35.3501	Nein	1	nain	1000	settlement
Naioth	31.8543	35.2316	Al Ram	6	naioth	234	settlement
Naphoth-dor	32.6174	34.9164	Tel Dor	4	naphoth-dor	483	region
Nazareth	32.7021	35.2977	Nazareth	32	nazareth	1000	settlement
Neah	32.8042	35.4235	Nimrin	2	neah	241	settlement
Neapolis	40.9350	24.4150	Kavala	1	neapolis	1000	settlement
Neballat	31.9864	34.9589	Beit Nabala	1	neballat	824	settlement
Nebo 1	31.7491	35.7439	Khirbet al Mukhayyat	7	nebo-1	566	settlement
Nebo 2	31.6072	35.0367	Nuba	2	nebo-2	329	settlement
Nebo 3	31.6072	35.0367	Nuba	1	nebo-3	78	settlement
Negeb	31.2447	34.8408	Tel Beer Sheva	43	negeb	823	region
Nehelam	32.7500	36.2408	Alma	3	nehelam	7	settlement
Neiel	32.8926	35.2219	Khirbet Yanin	1	neiel	701	settlement
Nephtoah	31.7944	35.1966	Lifta	2	nephtoah	747	water
Netaim	31.6788	34.9339	Khirbet en Nuweiti	1	netaim	518	settlement
Netophah	31.6676	35.2210	Khirbet Badd Faluh	8	netophah	557	settlement
New Gate	31.7767	35.2342	Jerusalem	2	new-gate	1000	site
Nezib	31.5859	35.0098	Khirbet Beit Nesib esh Sharqiyyeh	1	nezib	788	settlement
Nibshan	31.6994	35.3814	Khirbet el Maqari	1	nibshan	280	settlement
Nicopolis	39.0235	20.7374	Nicopolis	1	nicopolis	1000	settlement
Nile	31.4653	30.3667	Nile River	45	nile	1000	water
Nimrah	31.9091	35.6387	Tall Bleibel	1	nimrah	578	settlement
Nimrim	31.1336	35.5267	Wadi en Numeirah	2	nimrim	608	water
Nimrod	36.3594	43.1528	Nineveh	1	nimrod	1000	region
Nineveh	36.3594	43.1528	Nineveh	30	nineveh	1000	settlement
Nob	31.7925	35.2442	Ras el Mesharif	7	nob	197	settlement
Nobah 1	32.7562	36.6190	Qanawat	1	nobah-1	798	settlement
Nobah 2	32.7562	36.6190	Qanawat	1	nobah-2	373	settlement
Nophah	31.1806	35.7014	Kerak	1	nophah	349	settlement
North	36.2267	36.1717	Antioch on the Orontes	10	north	1000	region
North Gate	31.7767	35.2342	Jerusalem	1	north-gate	1000	site
Nuhashe	35.7406	37.0467	Abu al Duhur	0	nuhashe	1000	region
Oboth	30.6167	35.1900	Ein Weibeh	4	oboth	361	
Old Pool	31.7767	35.2342	Jerusalem	1	old-pool	1000	water
Ono	32.0272	34.8681	Kafr Ana	5	ono	758	settlement
Ophel	31.7753	35.2362	Ophel	5	ophel	1000	mountain
Ophir	18.2167	42.5000	southwestern Arabia	10	ophir	283	region
Ophni	31.9619	35.2156	Jifna	1	ophni	562	settlement
Ophrah 1	31.9544	35.3003	Taybeh	2	ophrah-1	786	settlement
Ophrah 2	32.6057	35.2900	Afula	5	ophrah-2	506	settlement
Paddan-aram	36.8644	39.0328	Harran	11	paddan-aram	527	region
Pamphylia	37.0000	31.0000	Pamphylia	5	pamphylia	1000	region
Paphos	34.7557	32.4042	New Paphos	2	paphos	1000	settlement
Parah	31.8348	35.3105	Khirbet Ein Fara	1	parah	449	settlement
Paran	30.3032	34.7767	Paran	8	paran	1000	region
Parbar	31.7767	35.2342	Jerusalem	1	parbar	1000	site
Parvaim	16.8719	43.7114	Farwah	1	parvaim	329	settlement
Patara	36.2603	29.3142	Patara	1	patara	1000	settlement
Pathros	24.1000	32.7000	Upper Egypt	5	pathros	1000	region
Patmos	37.3250	26.5417	Patmos	1	patmos	1000	region
Pau	31.1214	35.1900	Wadi Fai	2	pau	367	settlement
Pekod	31.3611	47.4496	mouth of Nahr al Kassarah	2	pekod	1000	region
Pelusium	31.0425	32.5461	Tell el Farama	2	pelusium	1000	settlement
Penuel	32.1870	35.6921	Tell edh Dhahab esh Sherqiyeh	6	penuel	694	settlement
People’s Gate	31.7767	35.2342	Jerusalem	1	peoples-gate	1000	site
Peor	31.7770	35.7385	Khirbet Ayun Musa	8	peor	245	mountain
Perez-uzzah	31.7767	35.2342	Jerusalem	2	perez-uzzah	1000	settlement
Perga	36.9604	30.8537	Perga	3	perga	1000	settlement
Pergamum	39.1322	27.1842	Pergamon	2	pergamum	1000	settlement
Persia	34.8065	48.5162	Tell Hagmatana	27	persia	1000	region
Pethor	36.7014	38.0865	Til Barsip	2	pethor	408	settlement
Pharpar	33.3136	36.0555	Awaj River	1	pharpar	600	water
Philadelphia	38.3500	28.5167	Alaşehir	2	philadelphia	1000	settlement
Philippi	41.0121	24.2846	Philippi	4	philippi	1000	settlement
Philistia	31.6639	34.5458	Tel Ashkelon	22	philistia	1000	region
Phoenicia	33.2708	35.1961	Tyre	4	phoenicia	1000	region
Phoenix	35.2000	24.0722	Finikas	1	phoenix	521	settlement
Phrygia	39.0000	31.0000	Phrygia	3	phrygia	1000	region
Pi-beseth	30.5728	31.5100	Tell Basteh	1	pi-beseth	1000	settlement
Pi-hahiroth	30.2252	32.4695	plain near Jabal Jinayfah	4	pi-hahiroth	103	mountain
Pirathon	32.1906	35.1658	Farata	5	pirathon	726	settlement
Pisgah	31.7678	35.7256	Rujm Siyaghah	8	pisgah	453	mountain
Pishon	17.1197	42.4164	Wadi Baysh	1	pishon	145	water
Pisidia	38.3061	31.1892	Antioch in Pisidia	2	pisidia	1000	region
Pithom	30.5475	31.9636	Tell er Retaba	1	pithom	419	settlement
Pitru	36.7014	38.0865	Til Barsip	0	pitru	409	settlement
Pontus	40.6800	37.8300	Pontus	3	pontus	1000	region
Potsherd Gate	31.7767	35.2342	Jerusalem	1	potsherd-gate	608	site
Ptolemais	32.9214	35.0692	Acre	1	ptolemais	1000	settlement
Punon	30.6277	35.4936	Khirbet Faynan	2	punon	755	settlement
Punt	11.5950	43.1481	Djibouti	0	punt	430	region
Put	32.8209	21.8512	Cyrene	6	put	632	region
Puteoli	40.8261	14.1206	Pozzuoli	1	puteoli	1000	settlement
Raamah	17.4773	44.1794	Najran	1	raamah	382	settlement
Rabbah 1	31.9547	35.9343	Amman	17	rabbah-1	1000	settlement
Rabbah 2	31.8270	34.9876	Khirbet Hamideh	1	rabbah-2	303	settlement
Rabbith	32.6973	35.3775	Horvat Devora	1	rabbith	320	settlement
Racal	31.4229	35.1330	Khirbet el Kirmil	1	racal	515	settlement
Ragmat	17.4773	44.1794	Najran	0	ragmat	1000	settlement
Rakkath	32.8064	35.5258	Tel Raqqat	1	rakkath	562	settlement
Rakkon	32.1308	34.7873	Tell er Reqqeit	1	rakkon	352	water
Ramah 1	31.8543	35.2316	Al Ram	16	ramah-1	723	settlement
Ramah 2	33.1108	35.3106	Ramyah	1	ramah-2	365	settlement
Ramah 3	32.9262	35.4011	Khirbet Zeitun er Rameh	1	ramah-3	392	settlement
Ramah 4	31.8543	35.2316	Al Ram	13	ramah-4	343	settlement
Ramah 5	32.4999	36.0150	Tall er Rumeith	2	ramah-5	796	settlement
Ramah 6	31.2328	34.9867	Tel Ira	1	ramah-6	226	settlement
Ramah 7	31.8543	35.2316	Al Ram	1	ramah-7	805	settlement
Ramah 8	31.8231	35.2307	Tel el Ful	1	ramah-8	669	mountain
Ramah 9	31.8543	35.2316	Al Ram	1	ramah-9	179	settlement
Ramath-lehi	31.7488	35.0010	Khirbet es Siyyagh	1	ramath-lehi	470	settlement
Ramath-mizpeh	32.1185	35.7770	Jel‘ad	1	ramath-mizpeh	194	settlement
Ramathaim-zophim	31.8543	35.2316	Al Ram	1	ramathaim-zophim	263	settlement
Rameses	30.7994	31.8342	Qantir	5	rameses	509	settlement
Ramoth 1	32.5956	35.5214	Kokab el Hawa	1	ramoth-1	352	settlement
Ramoth 2	31.2092	35.1657	Horbat Uza	1	ramoth-2	220	settlement
Ramoth 3	32.4999	36.0150	Tall er Rumeith	4	ramoth-3	808	settlement
Ramoth-gilead	32.4999	36.0150	Tall er Rumeith	20	ramoth-gilead	808	settlement
Recah	31.7043	35.2076	Bethlehem	1	recah	674	settlement
Red Sea 1	28.7500	33.0000	Gulf of Suez	21	red-sea-1	369	water
Red Sea 2	28.7500	34.7500	Gulf of Aqaba	5	red-sea-2	1000	water
Red Sea 3	28.7500	33.0000	Gulf of Suez	3	red-sea-3	776	water
Rehob 1	34.0089	36.1453	Beqaa Valley	2	rehob-1	182	settlement
Rehob 2	33.1144	35.2908	Tell el Balat	1	rehob-2	240	settlement
Rehob 3	32.9014	35.1694	Tell Bir el Gharbi	4	rehob-3	428	settlement
Rehoboth 1	31.0311	34.5658	Ruheibeh	1	rehoboth-1	556	water
Rehoboth 2	30.9332	35.6109	Ras Rihab	2	rehoboth-2	421	settlement
Rehoboth-Ir	36.3594	43.1528	Nineveh	1	rehoboth-ir	519	settlement
Rekem	31.8105	35.1742	Feldstein et al Site 43	1	rekem	206	settlement
Remeth	32.5956	35.5214	Kokab el Hawa	1	remeth	198	settlement
Rephidim	28.6231	33.8803	Wadi Rufaiyil	5	rephidim	379	
Resen	36.1437	43.3145	Qaryat as Salamiyah	1	resen	176	settlement
Rezeph	35.6278	38.7564	Resafa	2	rezeph	609	settlement
Rhegium	38.1088	15.6441	Reggio Calabria	1	rhegium	1000	settlement
Rhodes 1	36.4402	28.2109	Rhodes	1	rhodes-1	471	region
Rhodes 2	36.4402	28.2109	Rhodes	1	rhodes-2	766	region
Riblah 1	34.4595	36.5726	Rableh	11	riblah-1	948	settlement
Riblah 2	33.5369	36.3661	Arbin	1	riblah-2	38	settlement
Rimmon 1	31.8476	35.3051	El Jai Cave	4	rimmon-1	290	region
Rimmon 2	31.3833	34.8656	Tel Halif	4	rimmon-2	404	settlement
Rimmon 3	32.7881	35.3106	Rumana	1	rimmon-3	647	settlement
Rimmon-perez	29.5402	34.6543	Naqb al Biyar	2	rimmon-perez	144	
Rimmono	32.7881	35.3106	Rumana	1	rimmono	647	settlement
Rissah	28.0260	35.2480	Sharma	2	rissah	469	
Rithmah	29.0337	34.1255	Wadi Ratamah	2	rithmah	235	
River 2	31.0043	47.4420	Euphrates River	1	river-2	789	water
River 3	31.0270	35.4853	Wadi al Hasa	2	river-3	267	water
Rock of Escape	31.4515	35.2329	Wadi Malaqi	1	rock-of-escape	573	region
Rogelim	32.5279	35.7806	Zaharet	2	rogelim	313	settlement
Rome	41.8922	12.4852	Rome	15	rome	1000	settlement
Rumah	32.7889	35.2932	Horbat Rumah	1	rumah	598	settlement
Sahar	33.5508	36.1397	Sahl as Sahra	1	sahar	486	settlement
Salamis	35.1849	33.9019	Salamis	1	salamis	1000	settlement
Salecah	32.4939	36.7105	Salkhad	4	salecah	716	settlement
Salem	31.7767	35.2342	Jerusalem	4	salem	1000	settlement
Salim	32.3992	35.5264	Tel Shalem	1	salim	215	settlement
Salmone	35.3160	26.3116	Cape Sideros	1	salmone	1000	mountain
Salona	43.5394	16.4831	Salona	0	salona	1000	settlement
Salt Sea	31.5000	35.5000	Dead Sea	21	salt-sea	1000	water
Samaria 1	32.2761	35.1950	Samaria	113	samaria-1	1000	settlement
Samaria 2	32.2761	35.1950	Samaria	13	samaria-2	1000	region
Samos	37.7500	26.8333	Samos	1	samos	1000	region
Samothrace	40.4500	25.5833	Samothraki	1	samothrace	1000	region
Sansannah	31.3445	34.9014	Khirbet esh Shamsaniyat	1	sansannah	581	settlement
Saparda	39.0000	32.0000	Asia Minor	0	saparda	179	settlement
Saparre	32.1261	45.2308	Nippur	0	saparre	1000	settlement
Sardis	38.4883	28.0403	Sardis	3	sardis	1000	settlement
Sarid	32.6604	35.2342	Tel Shadud	2	sarid	760	settlement
Scythia	44.9428	34.1206	Scythian Neapolis	0	scythia	1000	region
Sea of Egypt	30.3383	32.3778	Bitter Lakes	1	sea-of-egypt	179	water
Sea of Galilee	32.8189	35.5900	Sea of Galilee	10	sea-of-galilee	1000	water
Sea of Jazer	32.0064	35.7350	Khirbet Jazzir	1	sea-of-jazer	108	water
Secacah	31.7168	35.3916	Khirbet es Samrah	1	secacah	398	settlement
Second Quarter	31.7767	35.2342	Jerusalem	4	second-quarter	1000	settlement
Secu	31.9374	35.1447	between Gibeah and Ramah	1	secu	1000	settlement
Seirah	31.9878	35.3332	hills of Ephraim	2	seirah	465	region
Sela 1	30.7809	35.5745	Sela	2	sela-1	165	settlement
Sela 2	30.7809	35.5745	Sela	2	sela-2	437	settlement
Sela 3	30.7809	35.5745	Sela	1	sela-3	126	settlement
Seleucia	36.1240	35.9220	Seleucia Pieria	1	seleucia	1000	settlement
Senaah	31.9472	35.3997	Khirbet el Aujah el Foqa	3	senaah	46	settlement
Seneh	31.8531	35.2862	Seneh	1	seneh	1000	mountain
Senir	33.4000	35.8500	Mount Hermon	4	senir	1000	mountain
Sephar	14.2139	44.4029	Zafar	1	sephar	335	settlement
Sepharad	38.4883	28.0403	Sardis	1	sepharad	506	settlement
Sepharvaim	34.4011	36.6364	between Damascus and Hamath	6	sepharvaim	393	settlement
Serpent’s Stone	31.7672	35.2360	Bir Ayub	1	serpents-stone	793	site
Shaalbim	31.8698	34.9871	Salbit	3	shaalbim	791	settlement
Shaalbon	31.8698	34.9871	Salbit	2	shaalbon	644	settlement
Shaalim	31.8698	34.9871	Salbit	1	shaalim	299	region
Shaaraim 1	31.7355	35.0276	Khirbet es Sira	2	shaaraim-1	407	settlement
Shaaraim 2	31.4670	34.4041	Tall al Ajjul	1	shaaraim-2	254	settlement
Shahazumah	32.5418	35.3666	El Karm	1	shahazumah	265	settlement
Shalishah	32.1525	35.0442	Kafr Thulth	1	shalishah	208	region
Shallecheth	31.7767	35.2342	Jerusalem	1	shallecheth	907	site
Shamir 1	31.4184	34.9318	Khirbet Sumara	1	shamir-1	287	settlement
Shamir 2	32.2761	35.1950	Samaria	2	shamir-2	263	settlement
Shaphir	31.7132	34.7042	Tell as Sawafir	1	shaphir	242	settlement
Sharon 1	32.4000	34.8830	Sharon Plain	6	sharon-1	1000	region
Sharon 2	31.9547	35.9343	Transjordan	1	sharon-2	466	region
Sharuhen	31.4670	34.4041	Tall al Ajjul	1	sharuhen	418	settlement
Shaveh-kiriathaim	31.5406	35.6861	Al Qurayyat	1	shaveh-kiriathaim	306	region
Sheba 1	15.3483	44.2064	Sheba	18	sheba-1	1000	region
Sheba 2	31.2447	34.8408	Tel Beer Sheva	1	sheba-2	330	settlement
Shebarim	31.9073	35.3106	western cliff of Wadi Makkuk	1	shebarim	192	region
Shechem	32.2136	35.2819	Tell Balatah	45	shechem	1000	settlement
Sheep Gate	31.7767	35.2342	Jerusalem	4	sheep-gate	1000	site
Shema	31.2447	34.8408	Tel Beer Sheva	1	shema	57	settlement
Shen	31.9986	35.2603	Burj el Isaneh	1	shen	465	settlement
Shepham	34.3967	36.3871	Hermel	3	shepham	38	settlement
Shephelah	31.6917	34.8750	Shephelah	19	shephelah	1000	region
Sheshach	32.5433	44.4222	Babylon	2	sheshach	1000	settlement
Shihor 1	31.0425	32.5461	Pelusiac branch of the Nile	2	shihor-1	446	water
Shihor 2	31.0425	32.5461	Pelusiac branch of the Nile	1	shihor-2	310	water
Shihor-libnath	32.8167	35.0333	mouth of the Kishon River	1	shihor-libnath	237	region
Shikkeron	31.8215	34.8120	Tell el Ful	1	shikkeron	786	settlement
Shilhim	31.4670	34.4041	Tall al Ajjul	1	shilhim	218	settlement
Shiloah	31.7706	35.2350	Pool of Siloam	1	shiloah	1000	water
Shiloh	32.0557	35.2895	Khirbet Seilun	37	shiloh	1000	settlement
Shimron	32.7039	35.2133	Tel Shimron	2	shimron	829	settlement
Shimron-meron	32.7039	35.2133	Tel Shimron	1	shimron-meron	531	settlement
Shinar	32.5433	44.4222	Babylon	8	shinar	1000	region
Shion	32.6542	35.5069	Sirin	1	shion	278	settlement
Shittim	31.8402	35.6737	Tall el Hammam	5	shittim	671	
Shoa	31.0043	47.4421	mouth of the Tigris River	1	shoa	706	
Shual	31.9544	35.3003	Taybeh	1	shual	373	region
Shunem	32.6056	35.3343	Sulam	9	shunem	1000	settlement
Shur	30.4933	32.9567	Ar Ruwaysat	6	shur	554	region
Sibmah	31.7824	35.7613	Qarn al Qubish	6	sibmah	479	settlement
Sibraim	34.4011	36.6364	between Damascus and Hamath	1	sibraim	1013	settlement
Sidon	33.5610	35.3719	Sandikli archaeological site in Sidon	37	sidon	1000	settlement
Silla	31.7767	35.2342	Jerusalem	1	silla	724	settlement
Siloam	31.7706	35.2350	Pool of Siloam	5	siloam	1000	water
Sin	29.1478	33.5367	Debbet er Ramleh	4	sin	311	region
Siphmoth	31.4008	35.0671	As Samu	1	siphmoth	722	settlement
Sirah	31.5419	35.0988	Ain Sarah	1	sirah	502	water
Sitnah	31.0311	34.5725	Sutnet er Ruheibeh	1	sitnah	173	water
Smyrna	38.4189	27.1378	Izmir	2	smyrna	1000	settlement
Socoh 1	31.6822	34.9749	Tel Socho	4	socoh-1	1000	settlement
Socoh 2	31.4009	35.0061	Khirbet Shuweikah	1	socoh-2	819	settlement
Socoh 3	32.3421	35.0320	Khirbet Shuweikat er Ras	1	socoh-3	788	settlement
Sodom	31.2085	35.4492	south of the Lisan	50	sodom	250	settlement
Solomon’s Portico	31.7767	35.2342	Jerusalem	3	solomons-portico	1000	site
South 1	31.2447	34.8408	Tel Beer Sheva	1	south-1	823	region
South 2	15.3483	44.2064	Sheba	2	south-2	1000	region
South 3	31.1825	29.8965	Alexandria	12	south-3	1000	region
South Gate	31.7767	35.2342	Jerusalem	1	south-gate	1000	site
Spain	40.2100	-4.3500	Hispania	2	spain	1000	region
Sparta	37.0819	22.4236	Sparta	0	sparta	1000	settlement
Straight Street	33.5092	36.3114	Straight Street	1	straight-street	1000	
Succoth 1	32.1966	35.6212	Tell Deir Alla	10	succoth-1	600	settlement
Succoth 2	30.5527	32.0990	Tell el Maskhuta	4	succoth-2	206	settlement
Suph	28.7500	34.7500	Gulf of Aqaba	1	suph	353	water
Suphah	31.6656	35.8175	Sufeh	1	suphah	238	water
Sur	31.7767	35.2342	Jerusalem	1	sur	1000	site
Susa	32.1892	48.2578	Shush	20	susa	1000	settlement
Sutu	31.0043	47.4421	mouth of the Tigris River	0	sutu	1000	
Sychar	32.2178	35.2890	Askar	1	sychar	620	settlement
Syene	24.0889	32.8997	Aswan	3	syene	1000	settlement
Syracuse	37.0639	15.2931	Syracuse	1	syracuse	1000	settlement
Syria 1	33.5111	36.3064	Damascus	89	syria-1	1000	region
Syria 2	33.5111	36.3064	Damascus	8	syria-2	1000	region
Syrtis	31.5000	18.0000	Sidra	1	syrtis	1000	water
Taanach	32.5215	35.2191	Tell Ta’anakh	7	taanach	1000	settlement
Taanath-shiloh	32.1763	35.3709	Khirbet Tana el Fauqa	1	taanath-shiloh	626	settlement
Tabbath	32.2868	35.6189	Ras Abu Tabat	1	tabbath	298	settlement
Tabbur-erez	32.1994	35.2728	Mount Gerizim	1	tabbur-erez	1000	mountain
Taberah	28.7887	34.2754	Erweis el Ebeirig	2	taberah	104	
Tabor 2	32.6834	35.3242	Iksal	1	tabor-2	232	mountain
Tabor 3	31.9228	35.2414	Beitin	1	tabor-3	464	site
Tadmor	34.5470	38.2740	Palmyra	1	tadmor	1000	settlement
Tahath	30.6406	34.4111	Wadi Umm Hashim	2	tahath	91	
Tahpanhes	30.8606	32.1714	Tell Defenneh	7	tahpanhes	1000	settlement
Tamar 1	30.8087	35.2459	En Hazeva	1	tamar-1	527	settlement
Tamar 2	30.8087	35.2459	En Hazeva	3	tamar-2	757	settlement
Tappuah 1	32.1041	35.2301	Tell Abu Zarad	3	tappuah-1	690	settlement
Tappuah 2	31.6955	34.9960	Bayt Nattif	1	tappuah-2	138	settlement
Taralah	31.8475	35.2360	Khirbet Erha	1	taralah	553	settlement
Tarshish 1	37.2719	-6.9442	Huelva	16	tarshish-1	418	region
Tarshish 2	37.2719	-6.9442	Huelva	5	tarshish-2	90	region
Tarsus	36.9130	34.8921	Tarsus	5	tarsus	1000	settlement
Tartessos	37.2719	-6.9442	Huelva	0	tartessos	1000	settlement
Tegarama	38.7225	37.2775	Gürün	0	tegarama	305	settlement
Tekoa	31.6325	35.2105	Khirbet Teku’a	14	tekoa	1000	settlement
Tel-abib	32.1261	45.2308	Nippur	1	tel-abib	585	settlement
Tel-harsha	32.1261	45.2308	Nippur	2	tel-harsha	451	settlement
Tel-melah	32.1261	45.2308	Nippur	2	tel-melah	381	settlement
Telassar	36.7014	38.0865	Til Barsip	2	telassar	347	settlement
Telem	31.1421	34.9122	Khirbet Abu Tulul	2	telem	123	settlement
Tema	27.6297	38.5516	Tayma	3	tema	1000	settlement
Teman	30.3310	35.4848	Tawilan	6	teman	223	region
Terah	30.6406	34.4111	Wadi Umm Hashim	2	terah	126	
Thapsacus	35.9500	38.1667	Dibseh	0	thapsacus	816	settlement
The Lord Is There	31.7767	35.2342	Jerusalem	1	the-lord-is-there	1000	settlement
The Lord Will Provide	31.7778	35.2356	Mount Moriah	1	the-lord-will-provide	444	mountain
Thebes	25.7206	32.6103	Thebes	6	thebes	1000	settlement
Thebez	32.3222	35.3686	Tubas	2	thebez	611	settlement
Thelme	31.3167	45.2833	Samawah	0	thelme	179	settlement
Thessalonica	40.6378	22.9458	Thessaloniki	9	thessalonica	1000	settlement
Thisbe	33.0286	35.5397	between Kedesh-naphtali and Hazor	0	thisbe	506	settlement
Three Taverns	41.5619	12.8739	Three Taverns	1	three-taverns	1000	settlement
Thyatira	38.9202	27.8365	Akhisar	4	thyatira	1000	settlement
Tiberias	32.7736	35.5442	Tiberias	1	tiberias	1000	settlement
Tibhath	34.3639	36.4156	between Baalbek and Kadesh	2	tibhath	454	settlement
Tigris	31.0043	47.4421	Tigris River	2	tigris	1000	water
Timnah 1	31.7848	34.9103	Tel Batash	9	timnah-1	836	settlement
Timnah 2	31.4094	35.1338	Tel Main	1	timnah-2	516	settlement
Timnah 3	31.7848	34.9103	Tel Batash	3	timnah-3	238	settlement
Timnath-heres	32.0081	35.1073	Khirbet Tibnah	3	timnath-heres	809	settlement
Tiphsah 1	35.9500	38.1667	Dibseh	1	tiphsah-1	615	settlement
Tiphsah 2	32.1041	35.2301	Tell Abu Zarad	1	tiphsah-2	403	settlement
Tirzah	32.2874	35.3378	Tell el Farah	13	tirzah	834	settlement
Tishbe	33.0286	35.5397	between Kedesh-naphtali and Hazor	4	tishbe	8	settlement
Tjaru	30.9352	32.3669	Tel Habuwa	0	tjaru	430	settlement
Tob	32.5633	36.2439	Et Tayibeh	4	tob	651	settlement
Tochen	31.6159	34.8783	Khirbet el Ater	1	tochen	131	settlement
Tophel	30.8375	35.6042	Tafila	1	tophel	189	settlement
Topheth	31.7692	35.2281	Hinnom Valley	9	topheth	1000	site
Tower of Hananel	31.7801	35.2343	Antonia Fortress	4	tower-of-hananel	1000	site
Tower of Shechem	32.2136	35.2819	Tell Balatah	3	tower-of-shechem	1000	site
Tower of the Hundred	31.7801	35.2343	Antonia Fortress	2	tower-of-the-hundred	1000	site
Tower of the Ovens	31.7767	35.2342	Jerusalem	2	tower-of-the-ovens	1000	site
Trachonitis	32.9695	36.4554	Lajat	1	trachonitis	1000	region
Troas	39.7519	26.1586	Alexandria Troas	6	troas	1000	settlement
Trogyllium	37.6594	27.0033	Cape Mycale	1	trogyllium	1000	mountain
Tubal	37.2956	36.2536	Tabal	5	tubal	1000	region
Tyre	33.2708	35.1961	Tyre	64	tyre	1000	settlement
Ulai	32.4100	48.1478	Ulai canal	2	ulai	743	water
Ummah	32.9211	35.0883	Tel Akko	1	ummah	417	settlement
Umman Manda	34.8065	48.5162	Tell Hagmatana	0	umman-manda	179	region
Uphaz	18.2167	42.5000	southwestern Arabia	2	uphaz	89	region
Upper Beth-horon	31.8858	35.1142	Beit Ur al Fauqa	3	upper-beth-horon	1000	settlement
Upper Gulloth	31.4321	35.0149	Khirbet Rabud	2	upper-gulloth	775	water
Upper Pool	31.7767	35.2342	Jerusalem	3	upper-pool	1000	water
Upu	33.5111	36.3064	Damascus	0	upu	1000	region
Uqnu	31.7823	47.8694	Karkheh River	0	uqnu	284	water
Ur 1	30.9622	46.1044	Tell el Muqayyar	4	ur-1	703	region
Ur 2	30.9622	46.1044	Tell el Muqayyar	0	ur-2	1000	settlement
Ura	40.2546	40.2260	Bayburt	0	ura	1000	settlement
Uz	30.7458	35.6039	Buseira	3	uz	338	region
Uzal	15.3551	44.2145	Sanaa	1	uzal	352	mountain
Uzza	31.7767	35.2342	Jerusalem	2	uzza	1000	site
Uzzen-sheerah	31.8950	35.0836	Beit Ur al Tahta	1	uzzen-sheerah	385	settlement
Valley Gate	31.7767	35.2342	Jerusalem	4	valley-gate	689	site
Valley of Achor	31.7167	35.3833	Al Buqay’ah	5	valley-of-achor	604	
Valley of Aijalon	31.8675	34.9594	Ayalon Valley	1	valley-of-aijalon	1000	
Valley of Aven	34.0076	36.2044	Baalbek	1	valley-of-aven	637	
Valley of Baca	31.7767	35.2342	Jerusalem	1	valley-of-baca	283	
Valley of Beracah	31.6089	35.1716	Wadi el Arrub	1	valley-of-beracah	245	
Valley of Decision	31.7803	35.2400	Valley of Jehoshaphat	1	valley-of-decision	1000	
Valley of Elah	31.6754	34.9980	Valley of Elah	3	valley-of-elah	1000	
Valley of Eshcol	31.5251	35.1022	Tel Rumeida	4	valley-of-eshcol	590	
Valley of Gerar	31.3821	34.6065	Tel Haror	2	valley-of-gerar	694	
Valley of Gibeon	31.8475	35.1834	El Jib	1	valley-of-gibeon	912	
Valley of Hamon-gog	31.7539	35.7152	Abarim	2	valley-of-hamon-gog	229	
Valley of Hebron	31.5251	35.1022	Tel Rumeida	1	valley-of-hebron	1000	
Valley of Hinnom	31.7692	35.2281	Hinnom Valley	12	valley-of-hinnom	1000	
Valley of Iphtahel	32.7712	35.1430	Wadi el Melek	2	valley-of-iphtahel	582	
Valley of Jehoshaphat	31.7803	35.2400	Valley of Jehoshaphat	2	valley-of-jehoshaphat	1000	
Valley of Jericho	31.8717	35.4446	Tell es Sultan	1	valley-of-jericho	1000	
Valley of Jezreel	32.5964	35.2419	Jezreel Valley	5	valley-of-jezreel	1000	
Valley of Lebanon	34.0089	36.1453	Beqaa Valley	2	valley-of-lebanon	961	
Valley of Mizpeh	33.4000	35.8500	Mount Hermon	1	valley-of-mizpeh	535	
Valley of Rephaim	31.7632	35.2191	Valley of Rephaim	8	valley-of-rephaim	1000	
Valley of Salt	31.0505	35.4063	Es Sebkha	5	valley-of-salt	451	
Valley of Shaveh	31.7672	35.2360	intersection of Kidron Valley and Valley of Hinnom	1	valley-of-shaveh	456	
Valley of Shittim	31.6671	35.4486	Wadi en Nar	1	valley-of-shittim	702	water
Valley of Siddim	31.2085	35.4492	south of the Lisan	3	valley-of-siddim	647	
Valley of Sorek	31.7558	35.0500	Nahal Sorek	1	valley-of-sorek	1000	
Valley of Succoth	32.1966	35.6212	Tell Deir Alla	2	valley-of-succoth	600	
Valley of the Arnon	31.4658	35.5733	Wadi Mujib	11	valley-of-the-arnon	1000	
Valley of Zeboim	31.8350	35.3794	Wadi Abu ed Diba	1	valley-of-zeboim	295	
Valley of Zephathah	31.6106	34.9531	Wadi Safiyeh	1	valley-of-zephathah	488	
Valley of Zered	31.0270	35.4853	Wadi al Hasa	1	valley-of-zered	1000	
Waheb	31.6656	35.8175	Sufeh	1	waheb	238	
Washer’s Field	31.7672	35.2360	Bir Ayub	3	washers-field	396	site
Water Gate	31.7767	35.2342	Jerusalem	5	water-gate	1000	site
Waters of Jericho	31.8705	35.4448	Ein as Sultan	1	waters-of-jericho	736	water
Waters of Merom	32.9789	35.4378	En Meron	2	waters-of-merom	77	water
Way of Holiness	31.7767	35.2342	Jerusalem	1	way-of-holiness	1000	
Way of the Red Sea	29.7272	34.9983	road between the Dead Sea and the Gulf of Aqaba	4	way-of-the-red-sea	1000	
West Gate	31.7767	35.2342	Jerusalem	1	west-gate	429	site
Wilderness of Maon	31.4094	35.1338	Tel Main	2	wilderness-of-maon	1000	region
Wilderness of Sinai	28.5397	33.9733	Jebel Musa	13	wilderness-of-sinai	465	region
Wilderness of Ziph	31.4748	35.1351	Tell Zif	3	wilderness-of-ziph	760	region
Wildgoats’ Rocks	31.4500	35.3833	Ein Gedi	1	wildgoats-rocks	1000	region
Yiron	33.0833	35.4167	Yarun	1	yiron	790	settlement
Zaanan	31.5653	34.8492	Tell ed Duweir	1	zaanan	262	settlement
Zaanannim	32.7211	35.4106	Hanot Taggarim	2	zaanannim	408	settlement
Zair	31.0369	35.4877	Al Safi	1	zair	205	settlement
Zalmon	32.6667	36.7333	Jebel Druze	1	zalmon	436	mountain
Zalmonah	30.8122	35.3734	Wadi es Salmaneh	2	zalmonah	329	
Zanoah 1	31.7194	35.0013	Khirbet Zanu	3	zanoah-1	730	settlement
Zanoah 2	31.4502	35.0535	Khirbet Beit Amra	1	zanoah-2	301	settlement
Zaphon 1	32.2677	35.5772	Tell es Sa’idiyeh	2	zaphon-1	523	settlement
Zaphon 2	35.9525	35.9693	Jebel Aqra	3	zaphon-2	1041	mountain
Zarephath	33.4642	35.2951	Sarepta	4	zarephath	1000	settlement
Zarethan	32.2677	35.5772	Tell es Sa’idiyeh	3	zarethan	349	settlement
Zeboiim	31.2085	35.4492	south of the Lisan	5	zeboiim	343	settlement
Zeboim	32.0030	34.8955	Khirbet Sabiyeh	1	zeboim	522	settlement
Zedad	34.3135	36.9242	Sadad	2	zedad	689	settlement
Zela	31.8025	35.2096	Khirbet Salah	2	zela	413	settlement
Zelzah	31.7167	35.1833	Beit Jala	1	zelzah	72	settlement
Zemaraim	31.9088	35.2117	Ras et Tahuneh	1	zemaraim	363	settlement
Zenan	31.5653	34.8492	Tell ed Duweir	1	zenan	510	settlement
Zephath	31.2123	34.9583	Tel Masos	1	zephath	449	settlement
Zer	33.2708	35.1961	Tyre	1	zer	123	settlement
Zered	31.0270	35.4853	Wadi al Hasa	2	zered	1000	water
Zeredah 1	32.0464	35.0972	Deir Ghassaneh	1	zeredah-1	441	settlement
Zeredah 2	32.2677	35.5772	Tell es Sa’idiyeh	1	zeredah-2	259	settlement
Zererah	32.2677	35.5772	Tell es Sa’idiyeh	1	zererah	128	settlement
Zereth-shahar	31.5970	35.5593	Callirrhoe	1	zereth-shahar	404	settlement
Ziddim	32.8076	35.4538	Hattin	1	ziddim	264	settlement
Ziklag	31.3912	34.6816	Tell esh Sharia	13	ziklag	531	settlement
Zimri	32.1892	48.2578	Shush	1	zimri	316	region
Zin 1	30.9710	35.3250	Zin Desert	8	zin-1	1000	region
Zin 2	30.9710	35.3250	Zin Desert	2	zin-2	880	region
Zion	31.7767	35.2342	Jerusalem	148	zion	1000	settlement
Zior	31.5251	35.1022	Tel Rumeida	1	zior	471	settlement
Ziph 1	31.4748	35.1351	Tell Zif	5	ziph-1	760	settlement
Ziph 2	30.9968	34.9819	Khirbet ez Zeifeh	1	ziph-2	467	settlement
Ziphron	34.2667	37.0667	Huwwarin	1	ziphron	378	settlement
Ziz	31.5607	35.3836	Wadi Hasasah	1	ziz	624	region
Zoan	30.9769	31.8800	Tanis	7	zoan	1000	settlement
Zoar	31.0369	35.4877	Al Safi	9	zoar	347	settlement
Zobah	33.9353	36.1508	Brital	14	zobah	336	region
Zophim	31.7711	35.7339	Tila as Safa	1	zophim	473	region
Zorah	31.7740	34.9853	Tel Tzora	11	zorah	832	settlement
Zuph	31.8543	35.2316	Al Ram	1	zuph	183	region
